threshold,tp,fp,tn,fn,precision,recall,verify_rate,false_accept_rate,safe_accept_rate,accuracy
1.01,0.0,0.0,479.0,190.0,0.0,0.0,0.0,1.0,1.0,0.7159940209267563
1.0,2.0,0.0,479.0,188.0,1.0,0.010526315789473684,0.0029895366218236174,0.9894736842105263,1.0,0.71898355754858
0.9999999997200031,3.0,0.0,479.0,187.0,1.0,0.015789473684210527,0.004484304932735426,0.9842105263157894,1.0,0.7204783258594918
0.9999999724120753,4.0,0.0,479.0,186.0,1.0,0.021052631578947368,0.005979073243647235,0.9789473684210527,1.0,0.7219730941704036
0.9995600676063509,5.0,0.0,479.0,185.0,1.0,0.02631578947368421,0.007473841554559043,0.9736842105263158,1.0,0.7234678624813154
0.9991008256275766,6.0,0.0,479.0,184.0,1.0,0.031578947368421054,0.008968609865470852,0.968421052631579,1.0,0.7249626307922272
0.9989479689878684,7.0,0.0,479.0,183.0,1.0,0.03684210526315789,0.01046337817638266,0.9631578947368421,1.0,0.726457399103139
0.9988231978471461,8.0,0.0,479.0,182.0,1.0,0.042105263157894736,0.01195814648729447,0.9578947368421052,1.0,0.7279521674140508
0.9986549096621269,9.0,0.0,479.0,181.0,1.0,0.04736842105263158,0.013452914798206279,0.9526315789473684,1.0,0.7294469357249627
0.9986045370307461,12.0,0.0,479.0,178.0,1.0,0.06315789473684211,0.017937219730941704,0.9368421052631579,1.0,0.7339312406576981
0.9977177891542873,13.0,0.0,479.0,177.0,1.0,0.06842105263157895,0.01943198804185351,0.9315789473684211,1.0,0.7354260089686099
0.9976611880115169,14.0,0.0,479.0,176.0,1.0,0.07368421052631578,0.02092675635276532,0.9263157894736842,1.0,0.7369207772795217
0.9964122947680305,15.0,0.0,479.0,175.0,1.0,0.07894736842105263,0.02242152466367713,0.9210526315789473,1.0,0.7384155455904334
0.9960193455158707,16.0,0.0,479.0,174.0,1.0,0.08421052631578947,0.02391629297458894,0.9157894736842105,1.0,0.7399103139013453
0.993392449937999,17.0,0.0,479.0,173.0,1.0,0.08947368421052632,0.025411061285500747,0.9105263157894737,1.0,0.7414050822122571
0.9838503671452219,18.0,0.0,479.0,172.0,1.0,0.09473684210526316,0.026905829596412557,0.9052631578947369,1.0,0.7428998505231689
0.9835582321085268,19.0,0.0,479.0,171.0,1.0,0.1,0.028400597907324365,0.9,1.0,0.7443946188340808
0.9666080421771006,20.0,0.0,479.0,170.0,1.0,0.10526315789473684,0.029895366218236172,0.8947368421052632,1.0,0.7458893871449925
0.9495506073748046,20.0,1.0,478.0,170.0,0.9523809523809523,0.10526315789473684,0.03139013452914798,0.8947368421052632,0.9979123173277662,0.7443946188340808
0.943262217785185,21.0,1.0,478.0,169.0,0.9545454545454546,0.11052631578947368,0.03288490284005979,0.8894736842105263,0.9979123173277662,0.7458893871449925
0.9431862507075148,21.0,2.0,477.0,169.0,0.9130434782608695,0.11052631578947368,0.0343796711509716,0.8894736842105263,0.9958246346555324,0.7443946188340808
0.9343618618150291,22.0,2.0,477.0,168.0,0.9166666666666666,0.11578947368421053,0.03587443946188341,0.8842105263157894,0.9958246346555324,0.7458893871449925
0.933741533846903,25.0,2.0,477.0,165.0,0.9259259259259259,0.13157894736842105,0.04035874439461883,0.868421052631579,0.9958246346555324,0.750373692077728
0.9256672503558894,26.0,2.0,477.0,164.0,0.9285714285714286,0.1368421052631579,0.04185351270553064,0.8631578947368421,0.9958246346555324,0.7518684603886397
0.9132446615108698,27.0,2.0,477.0,163.0,0.9310344827586207,0.14210526315789473,0.043348281016442454,0.8578947368421053,0.9958246346555324,0.7533632286995515
0.9121131458189485,27.0,3.0,476.0,163.0,0.9,0.14210526315789473,0.04484304932735426,0.8578947368421053,0.9937369519832986,0.7518684603886397
0.9043696415596708,27.0,4.0,475.0,163.0,0.8709677419354839,0.14210526315789473,0.04633781763826607,0.8578947368421053,0.9916492693110647,0.750373692077728
0.8683798486390083,27.0,6.0,473.0,163.0,0.8181818181818182,0.14210526315789473,0.04932735426008968,0.8578947368421053,0.9874739039665971,0.7473841554559043
0.8683177539084016,27.0,7.0,472.0,163.0,0.7941176470588235,0.14210526315789473,0.05082212257100149,0.8578947368421053,0.9853862212943633,0.7458893871449925
0.8674670330885726,28.0,7.0,472.0,162.0,0.8,0.14736842105263157,0.052316890881913304,0.8526315789473684,0.9853862212943633,0.7473841554559043
0.8624316572535701,29.0,7.0,472.0,161.0,0.8055555555555556,0.15263157894736842,0.053811659192825115,0.8473684210526315,0.9853862212943633,0.7488789237668162
0.8623838162495023,30.0,7.0,472.0,160.0,0.8108108108108109,0.15789473684210525,0.05530642750373692,0.8421052631578947,0.9853862212943633,0.750373692077728
0.8615961921856461,31.0,7.0,472.0,159.0,0.8157894736842105,0.1631578947368421,0.05680119581464873,0.8368421052631579,0.9853862212943633,0.7518684603886397
0.8590179161060968,32.0,7.0,472.0,158.0,0.8205128205128205,0.16842105263157894,0.05829596412556054,0.8315789473684211,0.9853862212943633,0.7533632286995515
0.852889088847555,32.0,8.0,471.0,158.0,0.8,0.16842105263157894,0.059790732436472344,0.8315789473684211,0.9832985386221295,0.7518684603886397
0.8447944319953462,33.0,8.0,471.0,157.0,0.8048780487804879,0.1736842105263158,0.061285500747384154,0.8263157894736842,0.9832985386221295,0.7533632286995515
0.840768883690065,33.0,9.0,470.0,157.0,0.7857142857142857,0.1736842105263158,0.06278026905829596,0.8263157894736842,0.9812108559498957,0.7518684603886397
0.8337745207816321,34.0,9.0,470.0,156.0,0.7906976744186046,0.17894736842105263,0.06427503736920777,0.8210526315789474,0.9812108559498957,0.7533632286995515
0.8306483158532776,35.0,9.0,470.0,155.0,0.7954545454545454,0.18421052631578946,0.06576980568011959,0.8157894736842105,0.9812108559498957,0.7548579970104634
0.8297779465516816,35.0,10.0,469.0,155.0,0.7777777777777778,0.18421052631578946,0.06726457399103139,0.8157894736842105,0.9791231732776617,0.7533632286995515
0.8294491972937256,36.0,10.0,469.0,154.0,0.782608695652174,0.18947368421052632,0.0687593423019432,0.8105263157894737,0.9791231732776617,0.7548579970104634
0.8282520766746089,37.0,10.0,469.0,153.0,0.7872340425531915,0.19473684210526315,0.07025411061285501,0.8052631578947368,0.9791231732776617,0.7563527653213752
0.8138364187459586,38.0,10.0,469.0,152.0,0.7916666666666666,0.2,0.07174887892376682,0.8,0.9791231732776617,0.757847533632287
0.8126798201013758,38.0,13.0,466.0,152.0,0.7450980392156863,0.2,0.07623318385650224,0.8,0.9728601252609603,0.7533632286995515
0.8065812715684434,39.0,13.0,466.0,151.0,0.75,0.20526315789473684,0.07772795216741404,0.7947368421052632,0.9728601252609603,0.7548579970104634
0.8061663944480258,40.0,13.0,466.0,150.0,0.7547169811320755,0.21052631578947367,0.07922272047832586,0.7894736842105263,0.9728601252609603,0.7563527653213752
0.8037605794346164,40.0,14.0,465.0,150.0,0.7407407407407407,0.21052631578947367,0.08071748878923767,0.7894736842105263,0.9707724425887265,0.7548579970104634
0.8030847692206832,40.0,15.0,464.0,150.0,0.7272727272727273,0.21052631578947367,0.08221225710014948,0.7894736842105263,0.9686847599164927,0.7533632286995515
0.8024792630786171,40.0,16.0,463.0,150.0,0.7142857142857143,0.21052631578947367,0.08370702541106129,0.7894736842105263,0.9665970772442589,0.7518684603886397
0.7888991791309053,41.0,16.0,463.0,149.0,0.7192982456140351,0.21578947368421053,0.08520179372197309,0.7842105263157895,0.9665970772442589,0.7533632286995515
0.7878226263039886,42.0,16.0,463.0,148.0,0.7241379310344828,0.22105263157894736,0.08669656203288491,0.7789473684210526,0.9665970772442589,0.7548579970104634
0.786279174682467,43.0,16.0,463.0,147.0,0.7288135593220338,0.22631578947368422,0.08819133034379671,0.7736842105263158,0.9665970772442589,0.7563527653213752
0.7854281308586964,44.0,16.0,463.0,146.0,0.7333333333333333,0.23157894736842105,0.08968609865470852,0.7684210526315789,0.9665970772442589,0.757847533632287
0.7847424683196553,45.0,16.0,463.0,145.0,0.7377049180327869,0.23684210526315788,0.09118086696562033,0.7631578947368421,0.9665970772442589,0.7593423019431988
0.7819641063997119,46.0,16.0,463.0,144.0,0.7419354838709677,0.24210526315789474,0.09267563527653214,0.7578947368421053,0.9665970772442589,0.7608370702541106
0.7810994686475823,47.0,16.0,463.0,143.0,0.746031746031746,0.24736842105263157,0.09417040358744394,0.7526315789473684,0.9665970772442589,0.7623318385650224
0.7773553246259934,47.0,17.0,462.0,143.0,0.734375,0.24736842105263157,0.09566517189835576,0.7526315789473684,0.964509394572025,0.7608370702541106
0.7740234835103956,47.0,18.0,461.0,143.0,0.7230769230769231,0.24736842105263157,0.09715994020926756,0.7526315789473684,0.9624217118997912,0.7593423019431988
0.7733505391222656,47.0,19.0,460.0,143.0,0.7121212121212122,0.24736842105263157,0.09865470852017937,0.7526315789473684,0.9603340292275574,0.757847533632287
0.7726355768176636,47.0,20.0,459.0,143.0,0.7014925373134329,0.24736842105263157,0.10014947683109118,0.7526315789473684,0.9582463465553236,0.7563527653213752
0.7623906199090188,48.0,20.0,459.0,142.0,0.7058823529411765,0.25263157894736843,0.10164424514200299,0.7473684210526316,0.9582463465553236,0.757847533632287
0.7595795378425951,49.0,20.0,459.0,141.0,0.7101449275362319,0.2578947368421053,0.1031390134529148,0.7421052631578947,0.9582463465553236,0.7593423019431988
0.7584009675878522,49.0,21.0,458.0,141.0,0.7,0.2578947368421053,0.10463378176382661,0.7421052631578947,0.9561586638830898,0.757847533632287
0.7552690168168387,49.0,22.0,457.0,141.0,0.6901408450704225,0.2578947368421053,0.10612855007473841,0.7421052631578947,0.954070981210856,0.7563527653213752
0.7541773801802534,50.0,22.0,457.0,140.0,0.6944444444444444,0.2631578947368421,0.10762331838565023,0.7368421052631579,0.954070981210856,0.757847533632287
0.7530813419174289,51.0,22.0,457.0,139.0,0.6986301369863014,0.26842105263157895,0.10911808669656203,0.7315789473684211,0.954070981210856,0.7593423019431988
0.745997975811783,51.0,23.0,456.0,139.0,0.6891891891891891,0.26842105263157895,0.11061285500747384,0.7315789473684211,0.9519832985386222,0.757847533632287
0.7411599157421294,52.0,23.0,456.0,138.0,0.6933333333333334,0.2736842105263158,0.11210762331838565,0.7263157894736842,0.9519832985386222,0.7593423019431988
0.7379345053399429,53.0,23.0,456.0,137.0,0.6973684210526315,0.2789473684210526,0.11360239162929746,0.7210526315789474,0.9519832985386222,0.7608370702541106
0.7349746095793797,53.0,24.0,455.0,137.0,0.6883116883116883,0.2789473684210526,0.11509715994020926,0.7210526315789474,0.9498956158663883,0.7593423019431988
0.7317436515687772,54.0,24.0,455.0,136.0,0.6923076923076923,0.28421052631578947,0.11659192825112108,0.7157894736842105,0.9498956158663883,0.7608370702541106
0.7301485801837778,54.0,25.0,454.0,136.0,0.6835443037974683,0.28421052631578947,0.11808669656203288,0.7157894736842105,0.9478079331941545,0.7593423019431988
0.7250124501018411,55.0,25.0,454.0,135.0,0.6875,0.2894736842105263,0.11958146487294469,0.7105263157894737,0.9478079331941545,0.7608370702541106
0.7235299074716665,56.0,25.0,454.0,134.0,0.691358024691358,0.29473684210526313,0.1210762331838565,0.7052631578947368,0.9478079331941545,0.7623318385650224
0.7224406377921034,57.0,25.0,454.0,133.0,0.6951219512195121,0.3,0.12257100149476831,0.7,0.9478079331941545,0.7638266068759342
0.7215847051166496,57.0,26.0,453.0,133.0,0.6867469879518072,0.3,0.12406576980568013,0.7,0.9457202505219207,0.7623318385650224
0.7205826612159832,57.0,27.0,452.0,133.0,0.6785714285714286,0.3,0.12556053811659193,0.7,0.9436325678496869,0.7608370702541106
0.7190249279628976,58.0,27.0,452.0,132.0,0.6823529411764706,0.30526315789473685,0.12705530642750373,0.6947368421052632,0.9436325678496869,0.7623318385650224
0.7184990749341177,58.0,28.0,451.0,132.0,0.6744186046511628,0.30526315789473685,0.12855007473841554,0.6947368421052632,0.941544885177453,0.7608370702541106
0.7173281084759953,58.0,29.0,450.0,132.0,0.6666666666666666,0.30526315789473685,0.13004484304932734,0.6947368421052632,0.9394572025052192,0.7593423019431988
0.7167481760834348,58.0,30.0,449.0,132.0,0.6590909090909091,0.30526315789473685,0.13153961136023917,0.6947368421052632,0.9373695198329853,0.757847533632287
0.7130343654084015,58.0,32.0,447.0,132.0,0.6444444444444445,0.30526315789473685,0.13452914798206278,0.6947368421052632,0.9331941544885177,0.7548579970104634
0.7107839583145565,58.0,33.0,446.0,132.0,0.6373626373626373,0.30526315789473685,0.13602391629297458,0.6947368421052632,0.9311064718162839,0.7533632286995515
0.7107470323050613,59.0,33.0,446.0,131.0,0.6413043478260869,0.3105263157894737,0.1375186846038864,0.6894736842105263,0.9311064718162839,0.7548579970104634
0.7091809547400241,61.0,33.0,446.0,129.0,0.648936170212766,0.32105263157894737,0.14050822122571002,0.6789473684210526,0.9311064718162839,0.757847533632287
0.7072598340219525,62.0,33.0,446.0,128.0,0.6526315789473685,0.3263157894736842,0.14200298953662183,0.6736842105263158,0.9311064718162839,0.7593423019431988
0.7057312369990164,63.0,33.0,446.0,127.0,0.65625,0.33157894736842103,0.14349775784753363,0.6684210526315789,0.9311064718162839,0.7608370702541106
0.7054754426646472,63.0,34.0,445.0,127.0,0.6494845360824743,0.33157894736842103,0.14499252615844543,0.6684210526315789,0.9290187891440501,0.7593423019431988
0.7042028206685756,64.0,34.0,445.0,126.0,0.6530612244897959,0.3368421052631579,0.14648729446935724,0.6631578947368421,0.9290187891440501,0.7608370702541106
0.7033802770233611,64.0,35.0,444.0,126.0,0.6464646464646465,0.3368421052631579,0.14798206278026907,0.6631578947368421,0.9269311064718163,0.7593423019431988
0.7027009168775143,64.0,36.0,443.0,126.0,0.64,0.3368421052631579,0.14947683109118087,0.6631578947368421,0.9248434237995825,0.757847533632287
0.7016552545343777,65.0,36.0,443.0,125.0,0.6435643564356436,0.34210526315789475,0.15097159940209268,0.6578947368421053,0.9248434237995825,0.7593423019431988
0.7012685260138919,65.0,37.0,442.0,125.0,0.6372549019607843,0.34210526315789475,0.15246636771300448,0.6578947368421053,0.9227557411273486,0.757847533632287
0.6988619473171497,66.0,37.0,442.0,124.0,0.6407766990291263,0.3473684210526316,0.15396113602391628,0.6526315789473685,0.9227557411273486,0.7593423019431988
0.6979522483567067,67.0,37.0,442.0,123.0,0.6442307692307693,0.3526315789473684,0.1554559043348281,0.6473684210526316,0.9227557411273486,0.7608370702541106
0.6958885901826853,68.0,37.0,442.0,122.0,0.6476190476190476,0.35789473684210527,0.15695067264573992,0.6421052631578947,0.9227557411273486,0.7623318385650224
0.6942806256027568,68.0,38.0,441.0,122.0,0.6415094339622641,0.35789473684210527,0.15844544095665172,0.6421052631578947,0.9206680584551148,0.7608370702541106
0.6907974316952552,68.0,39.0,440.0,122.0,0.6355140186915887,0.35789473684210527,0.15994020926756353,0.6421052631578947,0.918580375782881,0.7593423019431988
0.6904994926978116,68.0,40.0,439.0,122.0,0.6296296296296297,0.35789473684210527,0.16143497757847533,0.6421052631578947,0.9164926931106472,0.757847533632287
0.6885190723040726,69.0,40.0,439.0,121.0,0.6330275229357798,0.3631578947368421,0.16292974588938713,0.6368421052631579,0.9164926931106472,0.7593423019431988
0.6816139820306124,70.0,40.0,439.0,120.0,0.6363636363636364,0.3684210526315789,0.16442451420029897,0.631578947368421,0.9164926931106472,0.7608370702541106
0.6815911094422062,71.0,40.0,439.0,119.0,0.6396396396396397,0.3736842105263158,0.16591928251121077,0.6263157894736842,0.9164926931106472,0.7623318385650224
0.6807626147780661,71.0,41.0,438.0,119.0,0.6339285714285714,0.3736842105263158,0.16741405082212257,0.6263157894736842,0.9144050104384134,0.7608370702541106
0.6806707916425877,72.0,41.0,438.0,118.0,0.6371681415929203,0.37894736842105264,0.16890881913303438,0.6210526315789474,0.9144050104384134,0.7623318385650224
0.6803894727762585,72.0,42.0,437.0,118.0,0.631578947368421,0.37894736842105264,0.17040358744394618,0.6210526315789474,0.9123173277661796,0.7608370702541106
0.679738946436089,72.0,43.0,436.0,118.0,0.6260869565217392,0.37894736842105264,0.17189835575485798,0.6210526315789474,0.9102296450939458,0.7593423019431988
0.6780061597249081,72.0,45.0,434.0,118.0,0.6153846153846154,0.37894736842105264,0.17488789237668162,0.6210526315789474,0.906054279749478,0.7563527653213752
0.6777743222445102,73.0,45.0,434.0,117.0,0.6186440677966102,0.38421052631578945,0.17638266068759342,0.6157894736842106,0.906054279749478,0.757847533632287
0.6762817892831946,74.0,45.0,434.0,116.0,0.6218487394957983,0.3894736842105263,0.17787742899850523,0.6105263157894737,0.906054279749478,0.7593423019431988
0.6760632663394834,74.0,46.0,433.0,116.0,0.6166666666666667,0.3894736842105263,0.17937219730941703,0.6105263157894737,0.9039665970772442,0.757847533632287
0.6723203772424146,75.0,46.0,433.0,115.0,0.6198347107438017,0.39473684210526316,0.18086696562032886,0.6052631578947368,0.9039665970772442,0.7593423019431988
0.6688333725598123,76.0,46.0,433.0,114.0,0.6229508196721312,0.4,0.18236173393124067,0.6,0.9039665970772442,0.7608370702541106
0.6671770346383282,76.0,47.0,432.0,114.0,0.6178861788617886,0.4,0.18385650224215247,0.6,0.9018789144050104,0.7593423019431988
0.6661790160184157,76.0,48.0,431.0,114.0,0.6129032258064516,0.4,0.18535127055306427,0.6,0.8997912317327766,0.757847533632287
0.6657594032899554,76.0,49.0,430.0,114.0,0.608,0.4,0.18684603886397608,0.6,0.8977035490605428,0.7563527653213752
0.6646211186173061,77.0,49.0,430.0,113.0,0.6111111111111112,0.4052631578947368,0.18834080717488788,0.5947368421052631,0.8977035490605428,0.757847533632287
0.6633961522582094,77.0,50.0,429.0,113.0,0.6062992125984252,0.4052631578947368,0.1898355754857997,0.5947368421052631,0.8956158663883089,0.7563527653213752
0.658452444663983,77.0,51.0,428.0,113.0,0.6015625,0.4052631578947368,0.19133034379671152,0.5947368421052631,0.8935281837160751,0.7548579970104634
0.6577735446536171,77.0,52.0,427.0,113.0,0.5968992248062015,0.4052631578947368,0.19282511210762332,0.5947368421052631,0.8914405010438413,0.7533632286995515
0.6552276218535528,77.0,53.0,426.0,113.0,0.5923076923076923,0.4052631578947368,0.19431988041853512,0.5947368421052631,0.8893528183716075,0.7518684603886397
0.6541015743117135,77.0,54.0,425.0,113.0,0.5877862595419847,0.4052631578947368,0.19581464872944693,0.5947368421052631,0.8872651356993737,0.750373692077728
0.6502875339309977,77.0,55.0,424.0,113.0,0.5833333333333334,0.4052631578947368,0.19730941704035873,0.5947368421052631,0.8851774530271399,0.7488789237668162
0.6495160784914047,77.0,56.0,423.0,113.0,0.5789473684210527,0.4052631578947368,0.19880418535127056,0.5947368421052631,0.8830897703549061,0.7473841554559043
0.6485471250887386,77.0,57.0,422.0,113.0,0.5746268656716418,0.4052631578947368,0.20029895366218237,0.5947368421052631,0.8810020876826722,0.7458893871449925
0.6445682877286434,79.0,57.0,422.0,111.0,0.5808823529411765,0.41578947368421054,0.20328849028400597,0.5842105263157895,0.8810020876826722,0.7488789237668162
0.6388540988356933,79.0,58.0,421.0,111.0,0.5766423357664233,0.41578947368421054,0.20478325859491778,0.5842105263157895,0.8789144050104384,0.7473841554559043
0.6370345729292164,79.0,59.0,420.0,111.0,0.572463768115942,0.41578947368421054,0.2062780269058296,0.5842105263157895,0.8768267223382046,0.7458893871449925
0.6364524500001666,80.0,59.0,420.0,110.0,0.5755395683453237,0.42105263157894735,0.2077727952167414,0.5789473684210527,0.8768267223382046,0.7473841554559043
0.6354304463106608,81.0,59.0,420.0,109.0,0.5785714285714286,0.4263157894736842,0.20926756352765322,0.5736842105263158,0.8768267223382046,0.7488789237668162
0.6341596097670824,82.0,59.0,420.0,108.0,0.5815602836879432,0.43157894736842106,0.21076233183856502,0.5684210526315789,0.8768267223382046,0.750373692077728
0.6335135318540278,83.0,59.0,420.0,107.0,0.5845070422535211,0.4368421052631579,0.21225710014947682,0.5631578947368421,0.8768267223382046,0.7518684603886397
0.6330235788855799,83.0,60.0,419.0,107.0,0.5804195804195804,0.4368421052631579,0.21375186846038863,0.5631578947368421,0.8747390396659708,0.750373692077728
0.6328157614090434,83.0,62.0,417.0,107.0,0.5724137931034483,0.4368421052631579,0.21674140508221226,0.5631578947368421,0.8705636743215032,0.7473841554559043
0.6317005013005076,84.0,62.0,417.0,106.0,0.5753424657534246,0.4421052631578947,0.21823617339312407,0.5578947368421052,0.8705636743215032,0.7488789237668162
0.6316397439240771,84.0,64.0,415.0,106.0,0.5675675675675675,0.4421052631578947,0.22122571001494767,0.5578947368421052,0.8663883089770354,0.7458893871449925
0.6267808359752253,85.0,64.0,415.0,105.0,0.5704697986577181,0.4473684210526316,0.2227204783258595,0.5526315789473685,0.8663883089770354,0.7473841554559043
0.6263576921512766,85.0,65.0,414.0,105.0,0.5666666666666667,0.4473684210526316,0.2242152466367713,0.5526315789473685,0.8643006263048016,0.7458893871449925
0.623695702891235,86.0,65.0,414.0,104.0,0.5695364238410596,0.45263157894736844,0.2257100149476831,0.5473684210526316,0.8643006263048016,0.7473841554559043
0.6232336293656067,87.0,65.0,414.0,103.0,0.5723684210526315,0.45789473684210524,0.22720478325859492,0.5421052631578948,0.8643006263048016,0.7488789237668162
0.6216847859446686,87.0,66.0,413.0,103.0,0.5686274509803921,0.45789473684210524,0.22869955156950672,0.5421052631578948,0.8622129436325678,0.7473841554559043
0.6202149738469158,88.0,66.0,413.0,102.0,0.5714285714285714,0.4631578947368421,0.23019431988041852,0.5368421052631579,0.8622129436325678,0.7488789237668162
0.6196809987502704,88.0,67.0,412.0,102.0,0.567741935483871,0.4631578947368421,0.23168908819133036,0.5368421052631579,0.860125260960334,0.7473841554559043
0.6190166319291788,88.0,68.0,411.0,102.0,0.5641025641025641,0.4631578947368421,0.23318385650224216,0.5368421052631579,0.8580375782881002,0.7458893871449925
0.6183808568632412,88.0,70.0,409.0,102.0,0.5569620253164557,0.4631578947368421,0.23617339312406577,0.5368421052631579,0.8538622129436325,0.7428998505231689
0.6180263202939281,88.0,71.0,408.0,102.0,0.5534591194968553,0.4631578947368421,0.23766816143497757,0.5368421052631579,0.8517745302713987,0.7414050822122571
0.6166979196765286,88.0,72.0,407.0,102.0,0.55,0.4631578947368421,0.23916292974588937,0.5368421052631579,0.8496868475991649,0.7399103139013453
0.6154895156127798,89.0,72.0,407.0,101.0,0.5527950310559007,0.46842105263157896,0.2406576980568012,0.531578947368421,0.8496868475991649,0.7414050822122571
0.6145653625763438,89.0,73.0,406.0,101.0,0.5493827160493827,0.46842105263157896,0.242152466367713,0.531578947368421,0.8475991649269311,0.7399103139013453
0.6142649442079833,89.0,74.0,405.0,101.0,0.5460122699386503,0.46842105263157896,0.2436472346786248,0.531578947368421,0.8455114822546973,0.7384155455904334
0.614138314595882,89.0,75.0,404.0,101.0,0.5426829268292683,0.46842105263157896,0.24514200298953662,0.531578947368421,0.8434237995824635,0.7369207772795217
0.6138915701607203,90.0,75.0,404.0,100.0,0.5454545454545454,0.47368421052631576,0.24663677130044842,0.5263157894736842,0.8434237995824635,0.7384155455904334
0.6120536451743362,90.0,76.0,403.0,100.0,0.5421686746987951,0.47368421052631576,0.24813153961136025,0.5263157894736842,0.8413361169102297,0.7369207772795217
0.6112130971222689,90.0,77.0,402.0,100.0,0.5389221556886228,0.47368421052631576,0.24962630792227206,0.5263157894736842,0.8392484342379958,0.7354260089686099
0.6108889330654368,91.0,77.0,402.0,99.0,0.5416666666666666,0.4789473684210526,0.25112107623318386,0.5210526315789473,0.8392484342379958,0.7369207772795217
0.6103332805902311,91.0,78.0,401.0,99.0,0.5384615384615384,0.4789473684210526,0.2526158445440957,0.5210526315789473,0.837160751565762,0.7354260089686099
0.6057796824938801,91.0,79.0,400.0,99.0,0.5352941176470588,0.4789473684210526,0.25411061285500747,0.5210526315789473,0.8350730688935282,0.7339312406576981
0.6050107691009532,92.0,79.0,400.0,98.0,0.5380116959064327,0.4842105263157895,0.2556053811659193,0.5157894736842106,0.8350730688935282,0.7354260089686099
0.6037539693966351,92.0,80.0,399.0,98.0,0.5348837209302325,0.4842105263157895,0.2571001494768311,0.5157894736842106,0.8329853862212944,0.7339312406576981
0.6026666751446488,93.0,80.0,399.0,97.0,0.5375722543352601,0.48947368421052634,0.2585949177877429,0.5105263157894737,0.8329853862212944,0.7354260089686099
0.6012542651384286,93.0,81.0,398.0,97.0,0.5344827586206896,0.48947368421052634,0.2600896860986547,0.5105263157894737,0.8308977035490606,0.7339312406576981
0.600480634979416,94.0,81.0,398.0,96.0,0.5371428571428571,0.49473684210526314,0.2615844544095665,0.5052631578947369,0.8308977035490606,0.7354260089686099
0.5995007632135092,94.0,82.0,397.0,96.0,0.5340909090909091,0.49473684210526314,0.26307922272047835,0.5052631578947369,0.8288100208768268,0.7339312406576981
0.5984172836560527,94.0,83.0,396.0,96.0,0.5310734463276836,0.49473684210526314,0.2645739910313901,0.5052631578947369,0.826722338204593,0.7324364723467862
0.598246262593239,95.0,83.0,396.0,95.0,0.5337078651685393,0.5,0.26606875934230195,0.5,0.826722338204593,0.7339312406576981
0.5980019375985581,95.0,84.0,395.0,95.0,0.5307262569832403,0.5,0.26756352765321373,0.5,0.824634655532359,0.7324364723467862
0.5978867471344116,95.0,85.0,394.0,95.0,0.5277777777777778,0.5,0.26905829596412556,0.5,0.8225469728601252,0.7309417040358744
0.5970084275040191,95.0,86.0,393.0,95.0,0.5248618784530387,0.5,0.2705530642750374,0.5,0.8204592901878914,0.7294469357249627
0.5965589752003124,95.0,87.0,392.0,95.0,0.521978021978022,0.5,0.27204783258594917,0.5,0.8183716075156576,0.7279521674140508
0.5964231991030244,96.0,87.0,392.0,94.0,0.5245901639344263,0.5052631578947369,0.273542600896861,0.49473684210526314,0.8183716075156576,0.7294469357249627
0.5960501202243844,96.0,88.0,391.0,94.0,0.5217391304347826,0.5052631578947369,0.2750373692077728,0.49473684210526314,0.8162839248434238,0.7279521674140508
0.5946050792232376,97.0,88.0,391.0,93.0,0.5243243243243243,0.5105263157894737,0.2765321375186846,0.48947368421052634,0.8162839248434238,0.7294469357249627
0.5939814219664243,97.0,89.0,390.0,93.0,0.521505376344086,0.5105263157894737,0.27802690582959644,0.48947368421052634,0.81419624217119,0.7279521674140508
0.5939787228872694,97.0,90.0,389.0,93.0,0.5187165775401069,0.5105263157894737,0.2795216741405082,0.48947368421052634,0.8121085594989561,0.726457399103139
0.5939141420759714,98.0,90.0,389.0,92.0,0.5212765957446809,0.5157894736842106,0.28101644245142005,0.4842105263157895,0.8121085594989561,0.7279521674140508
0.5923937275946002,99.0,90.0,389.0,91.0,0.5238095238095238,0.5210526315789473,0.2825112107623318,0.4789473684210526,0.8121085594989561,0.7294469357249627
0.5905867234522172,100.0,90.0,389.0,90.0,0.5263157894736842,0.5263157894736842,0.28400597907324365,0.47368421052631576,0.8121085594989561,0.7309417040358744
0.5904629647214846,101.0,90.0,389.0,89.0,0.5287958115183246,0.531578947368421,0.28550074738415543,0.46842105263157896,0.8121085594989561,0.7324364723467862
0.5896874465909375,102.0,90.0,389.0,88.0,0.53125,0.5368421052631579,0.28699551569506726,0.4631578947368421,0.8121085594989561,0.7339312406576981
0.5893968688131435,102.0,91.0,388.0,88.0,0.5284974093264249,0.5368421052631579,0.2884902840059791,0.4631578947368421,0.8100208768267223,0.7324364723467862
0.5879808167696798,102.0,92.0,387.0,88.0,0.5257731958762887,0.5368421052631579,0.28998505231689087,0.4631578947368421,0.8079331941544885,0.7309417040358744
0.5877482926447515,103.0,92.0,387.0,87.0,0.5282051282051282,0.5421052631578948,0.2914798206278027,0.45789473684210524,0.8079331941544885,0.7324364723467862
0.5876042157137099,103.0,93.0,386.0,87.0,0.5255102040816326,0.5421052631578948,0.2929745889387145,0.45789473684210524,0.8058455114822547,0.7309417040358744
0.5866586245294145,104.0,93.0,386.0,86.0,0.5279187817258884,0.5473684210526316,0.2944693572496263,0.45263157894736844,0.8058455114822547,0.7324364723467862
0.5842561556346131,104.0,94.0,385.0,86.0,0.5252525252525253,0.5473684210526316,0.29596412556053814,0.45263157894736844,0.8037578288100209,0.7309417040358744
0.5831210007972353,105.0,94.0,385.0,85.0,0.5276381909547738,0.5526315789473685,0.2974588938714499,0.4473684210526316,0.8037578288100209,0.7324364723467862
0.5820525311616602,105.0,95.0,384.0,85.0,0.525,0.5526315789473685,0.29895366218236175,0.4473684210526316,0.8016701461377871,0.7309417040358744
0.5780244717321589,105.0,96.0,383.0,85.0,0.5223880597014925,0.5526315789473685,0.3004484304932735,0.4473684210526316,0.7995824634655533,0.7294469357249627
0.5775216870432075,106.0,96.0,383.0,84.0,0.5247524752475248,0.5578947368421052,0.30194319880418535,0.4421052631578947,0.7995824634655533,0.7309417040358744
0.5775208400465495,107.0,96.0,383.0,83.0,0.5270935960591133,0.5631578947368421,0.3034379671150972,0.4368421052631579,0.7995824634655533,0.7324364723467862
0.5718637751726393,107.0,97.0,382.0,83.0,0.5245098039215687,0.5631578947368421,0.30493273542600896,0.4368421052631579,0.7974947807933194,0.7309417040358744
0.5708604928161276,107.0,98.0,381.0,83.0,0.5219512195121951,0.5631578947368421,0.3064275037369208,0.4368421052631579,0.7954070981210856,0.7294469357249627
0.5688639283950849,107.0,99.0,380.0,83.0,0.5194174757281553,0.5631578947368421,0.30792227204783257,0.4368421052631579,0.7933194154488518,0.7279521674140508
0.5685647562835646,107.0,100.0,379.0,83.0,0.5169082125603864,0.5631578947368421,0.3094170403587444,0.4368421052631579,0.791231732776618,0.726457399103139
0.567888446456923,108.0,100.0,379.0,82.0,0.5192307692307693,0.5684210526315789,0.3109118086696562,0.43157894736842106,0.791231732776618,0.7279521674140508
0.567769015627481,108.0,101.0,378.0,82.0,0.5167464114832536,0.5684210526315789,0.312406576980568,0.43157894736842106,0.7891440501043842,0.726457399103139
0.5647521147108217,108.0,103.0,376.0,82.0,0.5118483412322274,0.5684210526315789,0.3153961136023916,0.43157894736842106,0.7849686847599165,0.7234678624813154
0.5623909229783597,108.0,104.0,375.0,82.0,0.5094339622641509,0.5684210526315789,0.31689088191330345,0.43157894736842106,0.7828810020876826,0.7219730941704036
0.561745468788755,109.0,104.0,375.0,81.0,0.5117370892018779,0.5736842105263158,0.3183856502242152,0.4263157894736842,0.7828810020876826,0.7234678624813154
0.5612608040439945,110.0,104.0,375.0,80.0,0.514018691588785,0.5789473684210527,0.31988041853512705,0.42105263157894735,0.7828810020876826,0.7249626307922272
0.5595858520988806,110.0,105.0,374.0,80.0,0.5116279069767442,0.5789473684210527,0.3213751868460389,0.42105263157894735,0.7807933194154488,0.7234678624813154
0.5590472227839657,111.0,105.0,374.0,79.0,0.5138888888888888,0.5842105263157895,0.32286995515695066,0.41578947368421054,0.7807933194154488,0.7249626307922272
0.5590046969244318,112.0,105.0,374.0,78.0,0.5161290322580645,0.5894736842105263,0.3243647234678625,0.4105263157894737,0.7807933194154488,0.726457399103139
0.5554246853353847,113.0,105.0,374.0,77.0,0.518348623853211,0.5947368421052631,0.32585949177877427,0.4052631578947368,0.7807933194154488,0.7279521674140508
0.5532051485623144,113.0,106.0,373.0,77.0,0.5159817351598174,0.5947368421052631,0.3273542600896861,0.4052631578947368,0.778705636743215,0.726457399103139
0.5528922657598184,113.0,107.0,372.0,77.0,0.5136363636363637,0.5947368421052631,0.32884902840059793,0.4052631578947368,0.7766179540709812,0.7249626307922272
0.5518071239481925,114.0,107.0,372.0,76.0,0.5158371040723982,0.6,0.3303437967115097,0.4,0.7766179540709812,0.726457399103139
0.5500947225609758,116.0,107.0,372.0,74.0,0.5201793721973094,0.6105263157894737,0.3333333333333333,0.3894736842105263,0.7766179540709812,0.7294469357249627
0.5493173422819565,117.0,107.0,372.0,73.0,0.5223214285714286,0.6157894736842106,0.33482810164424515,0.38421052631578945,0.7766179540709812,0.7309417040358744
0.5490940763086212,117.0,108.0,371.0,73.0,0.52,0.6157894736842106,0.336322869955157,0.38421052631578945,0.7745302713987474,0.7294469357249627
0.5482565687519281,117.0,109.0,370.0,73.0,0.5176991150442478,0.6157894736842106,0.33781763826606875,0.38421052631578945,0.7724425887265136,0.7279521674140508
0.5481280216741211,118.0,109.0,370.0,72.0,0.5198237885462555,0.6210526315789474,0.3393124065769806,0.37894736842105264,0.7724425887265136,0.7294469357249627
0.5447469503720987,118.0,110.0,369.0,72.0,0.5175438596491229,0.6210526315789474,0.34080717488789236,0.37894736842105264,0.7703549060542797,0.7279521674140508
0.5447209274545651,119.0,110.0,369.0,71.0,0.519650655021834,0.6263157894736842,0.3423019431988042,0.3736842105263158,0.7703549060542797,0.7294469357249627
0.5445510733448388,120.0,110.0,369.0,70.0,0.5217391304347826,0.631578947368421,0.34379671150971597,0.3684210526315789,0.7703549060542797,0.7309417040358744
0.5432300154340525,120.0,111.0,368.0,70.0,0.5194805194805194,0.631578947368421,0.3452914798206278,0.3684210526315789,0.7682672233820459,0.7294469357249627
0.5428094553462228,120.0,112.0,367.0,70.0,0.5172413793103449,0.631578947368421,0.34678624813153963,0.3684210526315789,0.7661795407098121,0.7279521674140508
0.5422327102394472,121.0,112.0,367.0,69.0,0.51931330472103,0.6368421052631579,0.3482810164424514,0.3631578947368421,0.7661795407098121,0.7294469357249627
0.542067611514104,123.0,112.0,367.0,67.0,0.5234042553191489,0.6473684210526316,0.351270553064275,0.3526315789473684,0.7661795407098121,0.7324364723467862
0.5410351687762743,123.0,113.0,366.0,67.0,0.5211864406779662,0.6473684210526316,0.35276532137518685,0.3526315789473684,0.7640918580375783,0.7309417040358744
0.5408228593566075,123.0,114.0,365.0,67.0,0.5189873417721519,0.6473684210526316,0.3542600896860987,0.3526315789473684,0.7620041753653445,0.7294469357249627
0.5401300948838036,124.0,114.0,365.0,66.0,0.5210084033613446,0.6526315789473685,0.35575485799701045,0.3473684210526316,0.7620041753653445,0.7309417040358744
0.5398228234925978,124.0,115.0,364.0,66.0,0.5188284518828452,0.6526315789473685,0.3572496263079223,0.3473684210526316,0.7599164926931107,0.7294469357249627
0.5387485977349197,125.0,115.0,364.0,65.0,0.5208333333333334,0.6578947368421053,0.35874439461883406,0.34210526315789475,0.7599164926931107,0.7309417040358744
0.5387082697145271,126.0,115.0,364.0,64.0,0.5228215767634855,0.6631578947368421,0.3602391629297459,0.3368421052631579,0.7599164926931107,0.7324364723467862
0.5383612486400566,127.0,115.0,364.0,63.0,0.5247933884297521,0.6684210526315789,0.3617339312406577,0.33157894736842103,0.7599164926931107,0.7339312406576981
0.5368862047589872,128.0,115.0,364.0,62.0,0.5267489711934157,0.6736842105263158,0.3632286995515695,0.3263157894736842,0.7599164926931107,0.7354260089686099
0.5357881936182792,128.0,116.0,363.0,62.0,0.5245901639344263,0.6736842105263158,0.36472346786248133,0.3263157894736842,0.7578288100208769,0.7339312406576981
0.5349934960159871,128.0,117.0,362.0,62.0,0.5224489795918368,0.6736842105263158,0.3662182361733931,0.3263157894736842,0.755741127348643,0.7324364723467862
0.5348271663030981,129.0,117.0,362.0,61.0,0.524390243902439,0.6789473684210526,0.36771300448430494,0.32105263157894737,0.755741127348643,0.7339312406576981
0.5324304272747236,131.0,117.0,362.0,59.0,0.5282258064516129,0.6894736842105263,0.37070254110612855,0.3105263157894737,0.755741127348643,0.7369207772795217
0.5285719238072522,131.0,118.0,361.0,59.0,0.5261044176706827,0.6894736842105263,0.3721973094170404,0.3105263157894737,0.7536534446764092,0.7354260089686099
0.5275947862910794,131.0,119.0,360.0,59.0,0.524,0.6894736842105263,0.37369207772795215,0.3105263157894737,0.7515657620041754,0.7339312406576981
0.5233963548169764,131.0,120.0,359.0,59.0,0.5219123505976095,0.6894736842105263,0.375186846038864,0.3105263157894737,0.7494780793319415,0.7324364723467862
0.51885656887067,132.0,120.0,359.0,58.0,0.5238095238095238,0.6947368421052632,0.37668161434977576,0.30526315789473685,0.7494780793319415,0.7339312406576981
0.5181461254802842,132.0,121.0,358.0,58.0,0.5217391304347826,0.6947368421052632,0.3781763826606876,0.30526315789473685,0.7473903966597077,0.7324364723467862
0.5153547628982422,133.0,121.0,358.0,57.0,0.5236220472440944,0.7,0.3796711509715994,0.3,0.7473903966597077,0.7339312406576981
0.5140502421267102,133.0,122.0,357.0,57.0,0.5215686274509804,0.7,0.3811659192825112,0.3,0.7453027139874739,0.7324364723467862
0.5118069851500041,134.0,122.0,357.0,56.0,0.5234375,0.7052631578947368,0.38266068759342303,0.29473684210526313,0.7453027139874739,0.7339312406576981
0.5105707765292866,134.0,123.0,356.0,56.0,0.5214007782101168,0.7052631578947368,0.3841554559043348,0.29473684210526313,0.7432150313152401,0.7324364723467862
0.5105671758641541,135.0,123.0,356.0,55.0,0.5232558139534884,0.7105263157894737,0.38565022421524664,0.2894736842105263,0.7432150313152401,0.7339312406576981
0.5091683612871128,135.0,124.0,355.0,55.0,0.5212355212355212,0.7105263157894737,0.38714499252615847,0.2894736842105263,0.7411273486430062,0.7324364723467862
0.5090346949926492,135.0,125.0,354.0,55.0,0.5192307692307693,0.7105263157894737,0.38863976083707025,0.2894736842105263,0.7390396659707724,0.7309417040358744
0.507338053790542,135.0,126.0,353.0,55.0,0.5172413793103449,0.7105263157894737,0.3901345291479821,0.2894736842105263,0.7369519832985386,0.7294469357249627
0.5068950507873775,135.0,127.0,352.0,55.0,0.5152671755725191,0.7105263157894737,0.39162929745889385,0.2894736842105263,0.7348643006263048,0.7279521674140508
0.5063150935767534,135.0,128.0,351.0,55.0,0.5133079847908745,0.7105263157894737,0.3931240657698057,0.2894736842105263,0.732776617954071,0.726457399103139
0.5059993319737095,136.0,128.0,351.0,54.0,0.5151515151515151,0.7157894736842105,0.39461883408071746,0.28421052631578947,0.732776617954071,0.7279521674140508
0.5051106762395934,136.0,129.0,350.0,54.0,0.5132075471698113,0.7157894736842105,0.3961136023916293,0.28421052631578947,0.7306889352818372,0.726457399103139
0.5040032870119521,136.0,130.0,349.0,54.0,0.5112781954887218,0.7157894736842105,0.3976083707025411,0.28421052631578947,0.7286012526096033,0.7249626307922272
0.5032691107196612,136.0,131.0,348.0,54.0,0.5093632958801498,0.7157894736842105,0.3991031390134529,0.28421052631578947,0.7265135699373695,0.7234678624813154
0.5006681050718542,136.0,132.0,347.0,54.0,0.5074626865671642,0.7157894736842105,0.40059790732436473,0.28421052631578947,0.7244258872651357,0.7219730941704036
0.49939799767851956,136.0,133.0,346.0,54.0,0.5055762081784386,0.7157894736842105,0.4020926756352765,0.28421052631578947,0.7223382045929019,0.7204783258594918
0.49837387581925885,136.0,134.0,345.0,54.0,0.5037037037037037,0.7157894736842105,0.40358744394618834,0.28421052631578947,0.7202505219206681,0.71898355754858
0.4963770173058937,137.0,134.0,345.0,53.0,0.5055350553505535,0.7210526315789474,0.40508221225710017,0.2789473684210526,0.7202505219206681,0.7204783258594918
0.4942369553071771,138.0,134.0,345.0,52.0,0.5073529411764706,0.7263157894736842,0.40657698056801195,0.2736842105263158,0.7202505219206681,0.7219730941704036
0.49335694163625515,139.0,134.0,345.0,51.0,0.5091575091575091,0.7315789473684211,0.4080717488789238,0.26842105263157895,0.7202505219206681,0.7234678624813154
0.49261446073696685,140.0,134.0,345.0,50.0,0.5109489051094891,0.7368421052631579,0.40956651718983555,0.2631578947368421,0.7202505219206681,0.7249626307922272
0.48875671737766757,140.0,135.0,344.0,50.0,0.509090909090909,0.7368421052631579,0.4110612855007474,0.2631578947368421,0.7181628392484343,0.7234678624813154
0.4873699736081203,140.0,136.0,343.0,50.0,0.5072463768115942,0.7368421052631579,0.4125560538116592,0.2631578947368421,0.7160751565762005,0.7219730941704036
0.4858317616306632,140.0,137.0,342.0,50.0,0.5054151624548736,0.7368421052631579,0.414050822122571,0.2631578947368421,0.7139874739039666,0.7204783258594918
0.4850384173696856,140.0,138.0,341.0,50.0,0.5035971223021583,0.7368421052631579,0.4155455904334828,0.2631578947368421,0.7118997912317327,0.71898355754858
0.4846779597509782,141.0,138.0,341.0,49.0,0.5053763440860215,0.7421052631578947,0.4170403587443946,0.2578947368421053,0.7118997912317327,0.7204783258594918
0.48420503611102933,142.0,138.0,341.0,48.0,0.5071428571428571,0.7473684210526316,0.41853512705530643,0.25263157894736843,0.7118997912317327,0.7219730941704036
0.4820039783833093,143.0,138.0,341.0,47.0,0.5088967971530249,0.7526315789473684,0.4200298953662182,0.24736842105263157,0.7118997912317327,0.7234678624813154
0.48187224939389783,143.0,140.0,339.0,47.0,0.5053003533568905,0.7526315789473684,0.42301943198804187,0.24736842105263157,0.7077244258872651,0.7204783258594918
0.4802739166732547,143.0,141.0,338.0,47.0,0.5035211267605634,0.7526315789473684,0.42451420029895365,0.24736842105263157,0.7056367432150313,0.71898355754858
0.4794989400411852,143.0,142.0,337.0,47.0,0.5017543859649123,0.7526315789473684,0.4260089686098655,0.24736842105263157,0.7035490605427975,0.7174887892376681
0.4783427752101141,144.0,142.0,337.0,46.0,0.5034965034965035,0.7578947368421053,0.42750373692077726,0.24210526315789474,0.7035490605427975,0.71898355754858
0.4772663802991494,144.0,143.0,336.0,46.0,0.5017421602787456,0.7578947368421053,0.4289985052316891,0.24210526315789474,0.7014613778705637,0.7174887892376681
0.47633494129962967,144.0,144.0,335.0,46.0,0.5,0.7578947368421053,0.4304932735426009,0.24210526315789474,0.6993736951983298,0.7159940209267563
0.4762633829931037,144.0,147.0,332.0,46.0,0.4948453608247423,0.7578947368421053,0.4349775784753363,0.24210526315789474,0.6931106471816284,0.7115097159940209
0.46931140251293135,145.0,147.0,332.0,45.0,0.4965753424657534,0.7631578947368421,0.43647234678624813,0.23684210526315788,0.6931106471816284,0.7130044843049327
0.46807515010235634,145.0,148.0,331.0,45.0,0.4948805460750853,0.7631578947368421,0.43796711509715996,0.23684210526315788,0.6910229645093946,0.7115097159940209
0.46765740830532904,146.0,148.0,331.0,44.0,0.4965986394557823,0.7684210526315789,0.43946188340807174,0.23157894736842105,0.6910229645093946,0.7130044843049327
0.4668680636171592,146.0,149.0,330.0,44.0,0.49491525423728816,0.7684210526315789,0.44095665171898357,0.23157894736842105,0.6889352818371608,0.7115097159940209
0.4659574775831968,146.0,150.0,329.0,44.0,0.49324324324324326,0.7684210526315789,0.44245142002989535,0.23157894736842105,0.6868475991649269,0.7100149476831091
0.4658008727387737,146.0,151.0,328.0,44.0,0.49158249158249157,0.7684210526315789,0.4439461883408072,0.23157894736842105,0.6847599164926931,0.7085201793721974
0.46456066489320313,146.0,152.0,327.0,44.0,0.4899328859060403,0.7684210526315789,0.445440956651719,0.23157894736842105,0.6826722338204593,0.7070254110612855
0.46249642399135316,146.0,153.0,326.0,44.0,0.4882943143812709,0.7684210526315789,0.4469357249626308,0.23157894736842105,0.6805845511482255,0.7055306427503737
0.4607985428135273,146.0,154.0,325.0,44.0,0.4866666666666667,0.7684210526315789,0.4484304932735426,0.23157894736842105,0.6784968684759917,0.7040358744394619
0.4597906528286159,146.0,155.0,324.0,44.0,0.4850498338870432,0.7684210526315789,0.4499252615844544,0.23157894736842105,0.6764091858037579,0.70254110612855
0.4597611941260127,146.0,156.0,323.0,44.0,0.48344370860927155,0.7684210526315789,0.4514200298953662,0.23157894736842105,0.6743215031315241,0.7010463378176383
0.4594696080487713,146.0,159.0,320.0,44.0,0.4786885245901639,0.7684210526315789,0.45590433482810166,0.23157894736842105,0.6680584551148225,0.6965620328849028
0.45845015429155334,147.0,159.0,320.0,43.0,0.4803921568627451,0.7736842105263158,0.45739910313901344,0.22631578947368422,0.6680584551148225,0.6980568011958147
0.45580386566459963,148.0,159.0,320.0,42.0,0.4820846905537459,0.7789473684210526,0.4588938714499253,0.22105263157894736,0.6680584551148225,0.6995515695067265
0.45559316568875763,148.0,160.0,319.0,42.0,0.4805194805194805,0.7789473684210526,0.46038863976083705,0.22105263157894736,0.6659707724425887,0.6980568011958147
0.4547859984639596,149.0,160.0,319.0,41.0,0.48220064724919093,0.7842105263157895,0.4618834080717489,0.21578947368421053,0.6659707724425887,0.6995515695067265
0.4545854311352162,149.0,161.0,318.0,41.0,0.4806451612903226,0.7842105263157895,0.4633781763826607,0.21578947368421053,0.6638830897703549,0.6980568011958147
0.4525478370087204,149.0,162.0,317.0,41.0,0.4790996784565916,0.7842105263157895,0.4648729446935725,0.21578947368421053,0.6617954070981211,0.6965620328849028
0.45170053753590333,149.0,163.0,316.0,41.0,0.4775641025641026,0.7842105263157895,0.4663677130044843,0.21578947368421053,0.6597077244258872,0.695067264573991
0.45156990150828574,150.0,163.0,316.0,40.0,0.4792332268370607,0.7894736842105263,0.4678624813153961,0.21052631578947367,0.6597077244258872,0.6965620328849028
0.45125393449609374,150.0,164.0,315.0,40.0,0.47770700636942676,0.7894736842105263,0.4693572496263079,0.21052631578947367,0.6576200417536534,0.695067264573991
0.4493023293197163,151.0,164.0,315.0,39.0,0.4793650793650794,0.7947368421052632,0.47085201793721976,0.20526315789473684,0.6576200417536534,0.6965620328849028
0.4486958935318568,151.0,165.0,314.0,39.0,0.4778481012658228,0.7947368421052632,0.47234678624813153,0.20526315789473684,0.6555323590814196,0.695067264573991
0.4482266842990107,151.0,166.0,313.0,39.0,0.47634069400630913,0.7947368421052632,0.47384155455904337,0.20526315789473684,0.6534446764091858,0.6935724962630793
0.44759338860560166,151.0,167.0,312.0,39.0,0.4748427672955975,0.7947368421052632,0.47533632286995514,0.20526315789473684,0.651356993736952,0.6920777279521674
0.4471264049704456,151.0,168.0,311.0,39.0,0.47335423197492166,0.7947368421052632,0.476831091180867,0.20526315789473684,0.6492693110647182,0.6905829596412556
0.4470662593209617,152.0,168.0,311.0,38.0,0.475,0.8,0.47832585949177875,0.2,0.6492693110647182,0.6920777279521674
0.4441746560113082,152.0,169.0,310.0,38.0,0.4735202492211838,0.8,0.4798206278026906,0.2,0.6471816283924844,0.6905829596412556
0.44382171905806583,152.0,170.0,309.0,38.0,0.4720496894409938,0.8,0.4813153961136024,0.2,0.6450939457202505,0.6890881913303438
0.44300456316752923,152.0,171.0,308.0,38.0,0.47058823529411764,0.8,0.4828101644245142,0.2,0.6430062630480167,0.6875934230194319
0.44300081107813283,152.0,172.0,307.0,38.0,0.4691358024691358,0.8,0.484304932735426,0.2,0.6409185803757829,0.6860986547085202
0.44147232493452565,152.0,173.0,306.0,38.0,0.4676923076923077,0.8,0.4857997010463378,0.2,0.6388308977035491,0.6846038863976084
0.4406754520892989,152.0,175.0,304.0,38.0,0.4648318042813456,0.8,0.48878923766816146,0.2,0.6346555323590815,0.6816143497757847
0.43943458955776427,153.0,175.0,304.0,37.0,0.46646341463414637,0.8052631578947368,0.49028400597907323,0.19473684210526315,0.6346555323590815,0.6831091180866966
0.43784347403623386,153.0,176.0,303.0,37.0,0.46504559270516715,0.8052631578947368,0.49177877428998507,0.19473684210526315,0.6325678496868476,0.6816143497757847
0.43779261275334863,153.0,177.0,302.0,37.0,0.4636363636363636,0.8052631578947368,0.49327354260089684,0.19473684210526315,0.6304801670146137,0.680119581464873
0.4372633773174155,153.0,178.0,301.0,37.0,0.4622356495468278,0.8052631578947368,0.4947683109118087,0.19473684210526315,0.6283924843423799,0.6786248131539612
0.43673321057112957,153.0,179.0,300.0,37.0,0.4608433734939759,0.8052631578947368,0.4962630792227205,0.19473684210526315,0.6263048016701461,0.6771300448430493
0.4346960026709374,153.0,182.0,297.0,37.0,0.45671641791044776,0.8052631578947368,0.5007473841554559,0.19473684210526315,0.6200417536534447,0.672645739910314
0.43404314567982116,153.0,183.0,296.0,37.0,0.45535714285714285,0.8052631578947368,0.5022421524663677,0.19473684210526315,0.6179540709812108,0.6711509715994021
0.4334755244858277,154.0,183.0,296.0,36.0,0.456973293768546,0.8105263157894737,0.5037369207772795,0.18947368421052632,0.6179540709812108,0.672645739910314
0.43338859780908795,155.0,183.0,296.0,35.0,0.45857988165680474,0.8157894736842105,0.5052316890881914,0.18421052631578946,0.6179540709812108,0.6741405082212257
0.43248585948519414,155.0,184.0,295.0,35.0,0.45722713864306785,0.8157894736842105,0.5067264573991032,0.18421052631578946,0.615866388308977,0.672645739910314
0.4322894465481956,156.0,184.0,295.0,34.0,0.4588235294117647,0.8210526315789474,0.5082212257100149,0.17894736842105263,0.615866388308977,0.6741405082212257
0.4313773783977092,157.0,184.0,295.0,33.0,0.4604105571847507,0.8263157894736842,0.5097159940209267,0.1736842105263158,0.615866388308977,0.6756352765321375
0.43087531811618224,158.0,184.0,295.0,32.0,0.4619883040935672,0.8315789473684211,0.5112107623318386,0.16842105263157894,0.615866388308977,0.6771300448430493
0.42956075257582005,158.0,185.0,294.0,32.0,0.4606413994169096,0.8315789473684211,0.5127055306427504,0.16842105263157894,0.6137787056367432,0.6756352765321375
0.42892174764473406,158.0,186.0,293.0,32.0,0.45930232558139533,0.8315789473684211,0.5142002989536621,0.16842105263157894,0.6116910229645094,0.6741405082212257
0.42805951593047087,158.0,187.0,292.0,32.0,0.4579710144927536,0.8315789473684211,0.515695067264574,0.16842105263157894,0.6096033402922756,0.672645739910314
0.42794465276914107,158.0,189.0,290.0,32.0,0.4553314121037464,0.8315789473684211,0.5186846038863976,0.16842105263157894,0.605427974947808,0.6696562032884903
0.42725826148674567,158.0,190.0,289.0,32.0,0.4540229885057471,0.8315789473684211,0.5201793721973094,0.16842105263157894,0.6033402922755741,0.6681614349775785
0.4267713311576813,158.0,191.0,288.0,32.0,0.45272206303724927,0.8315789473684211,0.5216741405082213,0.16842105263157894,0.6012526096033403,0.6666666666666666
0.426721100886212,158.0,192.0,287.0,32.0,0.4514285714285714,0.8315789473684211,0.523168908819133,0.16842105263157894,0.5991649269311065,0.6651718983557549
0.4266414990045233,158.0,193.0,286.0,32.0,0.45014245014245013,0.8315789473684211,0.5246636771300448,0.16842105263157894,0.5970772442588727,0.6636771300448431
0.4257776192223635,158.0,194.0,285.0,32.0,0.44886363636363635,0.8315789473684211,0.5261584454409567,0.16842105263157894,0.5949895615866388,0.6621823617339312
0.42208271323057905,158.0,195.0,284.0,32.0,0.4475920679886686,0.8315789473684211,0.5276532137518685,0.16842105263157894,0.592901878914405,0.6606875934230194
0.42178304041370684,158.0,196.0,283.0,32.0,0.4463276836158192,0.8315789473684211,0.5291479820627802,0.16842105263157894,0.5908141962421712,0.6591928251121076
0.4216816616816983,158.0,197.0,282.0,32.0,0.4450704225352113,0.8315789473684211,0.5306427503736921,0.16842105263157894,0.5887265135699373,0.6576980568011959
0.42123654457266707,158.0,200.0,279.0,32.0,0.441340782122905,0.8315789473684211,0.5351270553064275,0.16842105263157894,0.5824634655532359,0.6532137518684604
0.4208016605092673,159.0,200.0,279.0,31.0,0.4428969359331476,0.8368421052631579,0.5366218236173393,0.1631578947368421,0.5824634655532359,0.6547085201793722
0.41991597470777736,159.0,201.0,278.0,31.0,0.44166666666666665,0.8368421052631579,0.5381165919282511,0.1631578947368421,0.5803757828810021,0.6532137518684604
0.4180396505738381,159.0,202.0,277.0,31.0,0.4404432132963989,0.8368421052631579,0.5396113602391629,0.1631578947368421,0.5782881002087683,0.6517189835575485
0.41770302381413205,160.0,202.0,277.0,30.0,0.4419889502762431,0.8421052631578947,0.5411061285500748,0.15789473684210525,0.5782881002087683,0.6532137518684604
0.41736965163273954,160.0,203.0,276.0,30.0,0.44077134986225897,0.8421052631578947,0.5426008968609866,0.15789473684210525,0.5762004175365344,0.6517189835575485
0.4136114329733342,161.0,203.0,276.0,29.0,0.4423076923076923,0.8473684210526315,0.5440956651718983,0.15263157894736842,0.5762004175365344,0.6532137518684604
0.411914209283479,162.0,203.0,276.0,28.0,0.4438356164383562,0.8526315789473684,0.5455904334828101,0.14736842105263157,0.5762004175365344,0.6547085201793722
0.40802028418150404,163.0,203.0,276.0,27.0,0.4453551912568306,0.8578947368421053,0.547085201793722,0.14210526315789473,0.5762004175365344,0.656203288490284
0.40590707602958853,164.0,203.0,276.0,26.0,0.44686648501362397,0.8631578947368421,0.5485799701046338,0.1368421052631579,0.5762004175365344,0.6576980568011959
0.4051146481204633,164.0,204.0,275.0,26.0,0.44565217391304346,0.8631578947368421,0.5500747384155455,0.1368421052631579,0.5741127348643006,0.656203288490284
0.40369243446806413,165.0,204.0,275.0,25.0,0.44715447154471544,0.868421052631579,0.5515695067264574,0.13157894736842105,0.5741127348643006,0.6576980568011959
0.4021859656595704,165.0,205.0,274.0,25.0,0.44594594594594594,0.868421052631579,0.5530642750373692,0.13157894736842105,0.5720250521920668,0.656203288490284
0.39970171335619326,166.0,205.0,274.0,24.0,0.4474393530997305,0.8736842105263158,0.554559043348281,0.12631578947368421,0.5720250521920668,0.6576980568011959
0.39934184537690265,167.0,205.0,274.0,23.0,0.4489247311827957,0.8789473684210526,0.5560538116591929,0.12105263157894737,0.5720250521920668,0.6591928251121076
0.39230859190698397,168.0,205.0,274.0,22.0,0.450402144772118,0.8842105263157894,0.5575485799701047,0.11578947368421053,0.5720250521920668,0.6606875934230194
0.39065001266197835,169.0,205.0,274.0,21.0,0.45187165775401067,0.8894736842105263,0.5590433482810164,0.11052631578947368,0.5720250521920668,0.6621823617339312
0.3886877902358842,169.0,206.0,273.0,21.0,0.45066666666666666,0.8894736842105263,0.5605381165919282,0.11052631578947368,0.569937369519833,0.6606875934230194
0.3870736956138665,169.0,207.0,272.0,21.0,0.449468085106383,0.8894736842105263,0.5620328849028401,0.11052631578947368,0.5678496868475992,0.6591928251121076
0.38633012424839885,169.0,208.0,271.0,21.0,0.4482758620689655,0.8894736842105263,0.5635276532137519,0.11052631578947368,0.5657620041753654,0.6576980568011959
0.38523799338128706,169.0,209.0,270.0,21.0,0.4470899470899471,0.8894736842105263,0.5650224215246636,0.11052631578947368,0.5636743215031316,0.656203288490284
0.3824591815481515,169.0,210.0,269.0,21.0,0.44591029023746703,0.8894736842105263,0.5665171898355755,0.11052631578947368,0.5615866388308977,0.6547085201793722
0.38191931669864965,169.0,212.0,267.0,21.0,0.4435695538057743,0.8894736842105263,0.5695067264573991,0.11052631578947368,0.55741127348643,0.6517189835575485
0.381419615375185,169.0,213.0,266.0,21.0,0.4424083769633508,0.8894736842105263,0.5710014947683109,0.11052631578947368,0.5553235908141962,0.6502242152466368
0.38063878617869795,170.0,213.0,266.0,20.0,0.44386422976501305,0.8947368421052632,0.5724962630792227,0.10526315789473684,0.5553235908141962,0.6517189835575485
0.37902821014651905,170.0,214.0,265.0,20.0,0.4427083333333333,0.8947368421052632,0.5739910313901345,0.10526315789473684,0.5532359081419624,0.6502242152466368
0.3788273308410195,170.0,215.0,264.0,20.0,0.44155844155844154,0.8947368421052632,0.5754857997010463,0.10526315789473684,0.5511482254697286,0.648729446935725
0.3778306081598235,171.0,215.0,264.0,19.0,0.4430051813471503,0.9,0.5769805680119582,0.1,0.5511482254697286,0.6502242152466368
0.3736010177440669,171.0,216.0,263.0,19.0,0.4418604651162791,0.9,0.57847533632287,0.1,0.5490605427974948,0.648729446935725
0.36551088060473336,171.0,217.0,262.0,19.0,0.44072164948453607,0.9,0.5799701046337817,0.1,0.5469728601252609,0.6472346786248132
0.3637824794203748,171.0,218.0,261.0,19.0,0.43958868894601544,0.9,0.5814648729446936,0.1,0.5448851774530271,0.6457399103139013
0.363701412511412,171.0,219.0,260.0,19.0,0.43846153846153846,0.9,0.5829596412556054,0.1,0.5427974947807933,0.6442451420029895
0.3634539712359821,171.0,220.0,259.0,19.0,0.4373401534526854,0.9,0.5844544095665172,0.1,0.5407098121085595,0.6427503736920778
0.3621283063342768,171.0,221.0,258.0,19.0,0.4362244897959184,0.9,0.585949177877429,0.1,0.5386221294363257,0.6412556053811659
0.3593551001506054,171.0,222.0,257.0,19.0,0.4351145038167939,0.9,0.5874439461883408,0.1,0.5365344467640919,0.6397608370702541
0.35651370884690936,171.0,223.0,256.0,19.0,0.434010152284264,0.9,0.5889387144992526,0.1,0.534446764091858,0.6382660687593423
0.3535339547557244,171.0,224.0,255.0,19.0,0.43291139240506327,0.9,0.5904334828101644,0.1,0.5323590814196242,0.6367713004484304
0.35227615390640027,171.0,225.0,254.0,19.0,0.4318181818181818,0.9,0.5919282511210763,0.1,0.5302713987473904,0.6352765321375187
0.3511475152107767,171.0,226.0,253.0,19.0,0.43073047858942065,0.9,0.593423019431988,0.1,0.5281837160751566,0.6337817638266069
0.34989275602855463,172.0,226.0,253.0,18.0,0.4321608040201005,0.9052631578947369,0.5949177877428998,0.09473684210526316,0.5281837160751566,0.6352765321375187
0.34855594383060584,172.0,227.0,252.0,18.0,0.43107769423558895,0.9052631578947369,0.5964125560538116,0.09473684210526316,0.5260960334029228,0.6337817638266069
0.34492229211721254,172.0,228.0,251.0,18.0,0.43,0.9052631578947369,0.5979073243647235,0.09473684210526316,0.524008350730689,0.6322869955156951
0.34405548670750524,172.0,229.0,250.0,18.0,0.428927680798005,0.9052631578947369,0.5994020926756353,0.09473684210526316,0.5219206680584552,0.6307922272047832
0.3426375808241424,173.0,229.0,250.0,17.0,0.43034825870646765,0.9105263157894737,0.600896860986547,0.08947368421052632,0.5219206680584552,0.6322869955156951
0.3392923860653292,173.0,230.0,249.0,17.0,0.4292803970223325,0.9105263157894737,0.6023916292974589,0.08947368421052632,0.5198329853862212,0.6307922272047832
0.3390252070255596,173.0,231.0,248.0,17.0,0.4282178217821782,0.9105263157894737,0.6038863976083707,0.08947368421052632,0.5177453027139874,0.6292974588938715
0.33823825481301123,173.0,232.0,247.0,17.0,0.4271604938271605,0.9105263157894737,0.6053811659192825,0.08947368421052632,0.5156576200417536,0.6278026905829597
0.33795250426762824,173.0,234.0,245.0,17.0,0.4250614250614251,0.9105263157894737,0.6083707025411061,0.08947368421052632,0.511482254697286,0.624813153961136
0.3365694820499032,173.0,235.0,244.0,17.0,0.42401960784313725,0.9105263157894737,0.6098654708520179,0.08947368421052632,0.5093945720250522,0.6233183856502242
0.3362422323514561,174.0,235.0,244.0,16.0,0.4254278728606357,0.9157894736842105,0.6113602391629297,0.08421052631578947,0.5093945720250522,0.624813153961136
0.3361849302565877,174.0,236.0,243.0,16.0,0.424390243902439,0.9157894736842105,0.6128550074738416,0.08421052631578947,0.5073068893528184,0.6233183856502242
0.3357721535734966,174.0,237.0,242.0,16.0,0.4233576642335766,0.9157894736842105,0.6143497757847534,0.08421052631578947,0.5052192066805845,0.6218236173393124
0.3344409937886865,174.0,238.0,241.0,16.0,0.4223300970873786,0.9157894736842105,0.6158445440956651,0.08421052631578947,0.5031315240083507,0.6203288490284006
0.33411479147229556,174.0,239.0,240.0,16.0,0.4213075060532688,0.9157894736842105,0.617339312406577,0.08421052631578947,0.5010438413361169,0.6188340807174888
0.3335727421154391,174.0,240.0,239.0,16.0,0.42028985507246375,0.9157894736842105,0.6188340807174888,0.08421052631578947,0.4989561586638831,0.617339312406577
0.3326835414246713,174.0,241.0,238.0,16.0,0.41927710843373495,0.9157894736842105,0.6203288490284006,0.08421052631578947,0.4968684759916493,0.6158445440956651
0.3323605983502243,174.0,242.0,237.0,16.0,0.4182692307692308,0.9157894736842105,0.6218236173393124,0.08421052631578947,0.49478079331941544,0.6143497757847534
0.33231708533760657,174.0,243.0,236.0,16.0,0.4172661870503597,0.9157894736842105,0.6233183856502242,0.08421052631578947,0.49269311064718163,0.6128550074738416
0.332192093259912,174.0,244.0,235.0,16.0,0.41626794258373206,0.9157894736842105,0.624813153961136,0.08421052631578947,0.4906054279749478,0.6113602391629297
0.3319655642185005,174.0,245.0,234.0,16.0,0.4152744630071599,0.9157894736842105,0.6263079222720478,0.08421052631578947,0.48851774530271397,0.6098654708520179
0.33171588471059815,174.0,246.0,233.0,16.0,0.4142857142857143,0.9157894736842105,0.6278026905829597,0.08421052631578947,0.48643006263048016,0.6083707025411061
0.33026671654737244,174.0,247.0,232.0,16.0,0.41330166270783847,0.9157894736842105,0.6292974588938715,0.08421052631578947,0.48434237995824636,0.6068759342301944
0.3301772262260156,174.0,248.0,231.0,16.0,0.41232227488151657,0.9157894736842105,0.6307922272047832,0.08421052631578947,0.4822546972860125,0.6053811659192825
0.3292260518481183,174.0,249.0,230.0,16.0,0.41134751773049644,0.9157894736842105,0.6322869955156951,0.08421052631578947,0.4801670146137787,0.6038863976083707
0.3290682244537015,174.0,250.0,229.0,16.0,0.41037735849056606,0.9157894736842105,0.6337817638266069,0.08421052631578947,0.4780793319415449,0.6023916292974589
0.32884810006571974,174.0,251.0,228.0,16.0,0.40941176470588236,0.9157894736842105,0.6352765321375187,0.08421052631578947,0.4759916492693111,0.600896860986547
0.32784459039986674,175.0,251.0,228.0,15.0,0.4107981220657277,0.9210526315789473,0.6367713004484304,0.07894736842105263,0.4759916492693111,0.6023916292974589
0.32688233454547055,176.0,251.0,228.0,14.0,0.41217798594847777,0.9263157894736842,0.6382660687593423,0.07368421052631578,0.4759916492693111,0.6038863976083707
0.3266206081126772,176.0,252.0,227.0,14.0,0.411214953271028,0.9263157894736842,0.6397608370702541,0.07368421052631578,0.47390396659707723,0.6023916292974589
0.32641756106385944,176.0,253.0,226.0,14.0,0.41025641025641024,0.9263157894736842,0.6412556053811659,0.07368421052631578,0.4718162839248434,0.600896860986547
0.32622313281358173,177.0,253.0,226.0,13.0,0.4116279069767442,0.9315789473684211,0.6427503736920778,0.06842105263157895,0.4718162839248434,0.6023916292974589
0.32429895276193144,177.0,254.0,225.0,13.0,0.41067285382830626,0.9315789473684211,0.6442451420029895,0.06842105263157895,0.4697286012526096,0.600896860986547
0.3241682843696015,177.0,255.0,224.0,13.0,0.4097222222222222,0.9315789473684211,0.6457399103139013,0.06842105263157895,0.46764091858037576,0.5994020926756353
0.32406713067742293,178.0,255.0,224.0,12.0,0.4110854503464203,0.9368421052631579,0.6472346786248132,0.06315789473684211,0.46764091858037576,0.600896860986547
0.3240406065656232,178.0,256.0,223.0,12.0,0.41013824884792627,0.9368421052631579,0.648729446935725,0.06315789473684211,0.46555323590814196,0.5994020926756353
0.3240397530874158,178.0,257.0,222.0,12.0,0.4091954022988506,0.9368421052631579,0.6502242152466368,0.06315789473684211,0.46346555323590816,0.5979073243647235
0.32357737293662625,178.0,258.0,221.0,12.0,0.40825688073394495,0.9368421052631579,0.6517189835575485,0.06315789473684211,0.4613778705636743,0.5964125560538116
0.32350874777282723,178.0,259.0,220.0,12.0,0.4073226544622426,0.9368421052631579,0.6532137518684604,0.06315789473684211,0.4592901878914405,0.5949177877428998
0.32316225684973165,178.0,260.0,219.0,12.0,0.4063926940639269,0.9368421052631579,0.6547085201793722,0.06315789473684211,0.4572025052192067,0.593423019431988
0.322546069333691,178.0,261.0,218.0,12.0,0.4054669703872437,0.9368421052631579,0.656203288490284,0.06315789473684211,0.4551148225469729,0.5919282511210763
0.3224928220902143,178.0,262.0,217.0,12.0,0.40454545454545454,0.9368421052631579,0.6576980568011959,0.06315789473684211,0.453027139874739,0.5904334828101644
0.3212382350827884,178.0,263.0,216.0,12.0,0.4036281179138322,0.9368421052631579,0.6591928251121076,0.06315789473684211,0.4509394572025052,0.5889387144992526
0.3201621440433036,178.0,264.0,215.0,12.0,0.40271493212669685,0.9368421052631579,0.6606875934230194,0.06315789473684211,0.4488517745302714,0.5874439461883408
0.31911569376282173,178.0,265.0,214.0,12.0,0.4018058690744921,0.9368421052631579,0.6621823617339312,0.06315789473684211,0.44676409185803756,0.585949177877429
0.3188013922229102,178.0,266.0,213.0,12.0,0.4009009009009009,0.9368421052631579,0.6636771300448431,0.06315789473684211,0.44467640918580376,0.5844544095665172
0.31707277073716894,178.0,267.0,212.0,12.0,0.4,0.9368421052631579,0.6651718983557549,0.06315789473684211,0.44258872651356995,0.5829596412556054
0.31584213011243273,178.0,268.0,211.0,12.0,0.3991031390134529,0.9368421052631579,0.6666666666666666,0.06315789473684211,0.4405010438413361,0.5814648729446936
0.3156259898818482,178.0,269.0,210.0,12.0,0.3982102908277405,0.9368421052631579,0.6681614349775785,0.06315789473684211,0.4384133611691023,0.5799701046337817
0.3156199305799834,178.0,270.0,209.0,12.0,0.39732142857142855,0.9368421052631579,0.6696562032884903,0.06315789473684211,0.4363256784968685,0.57847533632287
0.3150627376115526,178.0,271.0,208.0,12.0,0.39643652561247217,0.9368421052631579,0.6711509715994021,0.06315789473684211,0.4342379958246347,0.5769805680119582
0.3149271511005571,178.0,272.0,207.0,12.0,0.39555555555555555,0.9368421052631579,0.672645739910314,0.06315789473684211,0.4321503131524008,0.5754857997010463
0.31477989937591555,178.0,274.0,205.0,12.0,0.3938053097345133,0.9368421052631579,0.6756352765321375,0.06315789473684211,0.4279749478079332,0.5724962630792227
0.3134156713395643,178.0,275.0,204.0,12.0,0.39293598233995586,0.9368421052631579,0.6771300448430493,0.06315789473684211,0.42588726513569936,0.5710014947683109
0.31245407326198127,178.0,276.0,203.0,12.0,0.3920704845814978,0.9368421052631579,0.6786248131539612,0.06315789473684211,0.42379958246346555,0.5695067264573991
0.3124211105323906,178.0,277.0,202.0,12.0,0.3912087912087912,0.9368421052631579,0.680119581464873,0.06315789473684211,0.42171189979123175,0.5680119581464873
0.3121468914900052,178.0,278.0,201.0,12.0,0.39035087719298245,0.9368421052631579,0.6816143497757847,0.06315789473684211,0.4196242171189979,0.5665171898355755
0.3118845462940449,178.0,279.0,200.0,12.0,0.38949671772428884,0.9368421052631579,0.6831091180866966,0.06315789473684211,0.4175365344467641,0.5650224215246636
0.311251433089725,178.0,280.0,199.0,12.0,0.388646288209607,0.9368421052631579,0.6846038863976084,0.06315789473684211,0.4154488517745303,0.5635276532137519
0.3105169132925441,178.0,281.0,198.0,12.0,0.3877995642701525,0.9368421052631579,0.6860986547085202,0.06315789473684211,0.4133611691022965,0.5620328849028401
0.3097394985881875,178.0,282.0,197.0,12.0,0.3869565217391304,0.9368421052631579,0.6875934230194319,0.06315789473684211,0.4112734864300626,0.5605381165919282
0.30906611416941415,178.0,283.0,196.0,12.0,0.38611713665943603,0.9368421052631579,0.6890881913303438,0.06315789473684211,0.4091858037578288,0.5590433482810164
0.3087159433634952,179.0,283.0,196.0,11.0,0.3874458874458874,0.9421052631578948,0.6905829596412556,0.05789473684210526,0.4091858037578288,0.5605381165919282
0.30843705912060126,179.0,284.0,195.0,11.0,0.38660907127429806,0.9421052631578948,0.6920777279521674,0.05789473684210526,0.407098121085595,0.5590433482810164
0.30823452224859466,180.0,284.0,195.0,10.0,0.3879310344827586,0.9473684210526315,0.6935724962630793,0.05263157894736842,0.407098121085595,0.5605381165919282
0.30782364514466476,180.0,285.0,194.0,10.0,0.3870967741935484,0.9473684210526315,0.695067264573991,0.05263157894736842,0.40501043841336115,0.5590433482810164
0.3072958118462589,180.0,286.0,193.0,10.0,0.38626609442060084,0.9473684210526315,0.6965620328849028,0.05263157894736842,0.40292275574112735,0.5575485799701047
0.3057603542938267,180.0,287.0,192.0,10.0,0.3854389721627409,0.9473684210526315,0.6980568011958147,0.05263157894736842,0.40083507306889354,0.5560538116591929
0.30438666269224707,181.0,287.0,192.0,9.0,0.38675213675213677,0.9526315789473684,0.6995515695067265,0.04736842105263158,0.40083507306889354,0.5575485799701047
0.30327060693972563,183.0,287.0,192.0,7.0,0.3893617021276596,0.9631578947368421,0.70254110612855,0.03684210526315789,0.40083507306889354,0.5605381165919282
0.3026231538854764,183.0,288.0,191.0,7.0,0.3885350318471338,0.9631578947368421,0.7040358744394619,0.03684210526315789,0.3987473903966597,0.5590433482810164
0.30254761540151304,183.0,289.0,190.0,7.0,0.3877118644067797,0.9631578947368421,0.7055306427503737,0.03684210526315789,0.3966597077244259,0.5575485799701047
0.30160623213107973,183.0,290.0,189.0,7.0,0.386892177589852,0.9631578947368421,0.7070254110612855,0.03684210526315789,0.3945720250521921,0.5560538116591929
0.3015471330822234,183.0,291.0,188.0,7.0,0.3860759493670886,0.9631578947368421,0.7085201793721974,0.03684210526315789,0.3924843423799583,0.554559043348281
0.30065763774613236,183.0,292.0,187.0,7.0,0.38526315789473686,0.9631578947368421,0.7100149476831091,0.03684210526315789,0.3903966597077244,0.5530642750373692
0.29919640559479943,183.0,293.0,186.0,7.0,0.38445378151260506,0.9631578947368421,0.7115097159940209,0.03684210526315789,0.3883089770354906,0.5515695067264574
0.2984891062708651,183.0,294.0,185.0,7.0,0.3836477987421384,0.9631578947368421,0.7130044843049327,0.03684210526315789,0.3862212943632568,0.5500747384155455
0.29840590987606197,183.0,295.0,184.0,7.0,0.38284518828451886,0.9631578947368421,0.7144992526158446,0.03684210526315789,0.38413361169102295,0.5485799701046338
0.29779105839343956,183.0,296.0,183.0,7.0,0.38204592901878914,0.9631578947368421,0.7159940209267563,0.03684210526315789,0.38204592901878914,0.547085201793722
0.2973715201727836,183.0,297.0,182.0,7.0,0.38125,0.9631578947368421,0.7174887892376681,0.03684210526315789,0.37995824634655534,0.5455904334828101
0.29708071681354464,183.0,298.0,181.0,7.0,0.3804573804573805,0.9631578947368421,0.71898355754858,0.03684210526315789,0.3778705636743215,0.5440956651718983
0.29703365087773864,183.0,299.0,180.0,7.0,0.3796680497925311,0.9631578947368421,0.7204783258594918,0.03684210526315789,0.3757828810020877,0.5426008968609866
0.29682892514761994,183.0,300.0,179.0,7.0,0.37888198757763975,0.9631578947368421,0.7219730941704036,0.03684210526315789,0.3736951983298539,0.5411061285500748
0.29670240354127053,183.0,301.0,178.0,7.0,0.378099173553719,0.9631578947368421,0.7234678624813154,0.03684210526315789,0.37160751565762007,0.5396113602391629
0.2958959464898584,183.0,303.0,176.0,7.0,0.3765432098765432,0.9631578947368421,0.726457399103139,0.03684210526315789,0.3674321503131524,0.5366218236173393
0.29561710948639125,183.0,304.0,175.0,7.0,0.3757700205338809,0.9631578947368421,0.7279521674140508,0.03684210526315789,0.3653444676409186,0.5351270553064275
0.29522963144724906,183.0,305.0,174.0,7.0,0.375,0.9631578947368421,0.7294469357249627,0.03684210526315789,0.36325678496868474,0.5336322869955157
0.294656617166148,183.0,306.0,173.0,7.0,0.37423312883435583,0.9631578947368421,0.7309417040358744,0.03684210526315789,0.36116910229645094,0.5321375186846039
0.29275730012994083,183.0,307.0,172.0,7.0,0.373469387755102,0.9631578947368421,0.7324364723467862,0.03684210526315789,0.35908141962421714,0.5306427503736921
0.2916676225770831,183.0,308.0,171.0,7.0,0.3727087576374745,0.9631578947368421,0.7339312406576981,0.03684210526315789,0.3569937369519833,0.5291479820627802
0.29078338840923146,183.0,309.0,170.0,7.0,0.3719512195121951,0.9631578947368421,0.7354260089686099,0.03684210526315789,0.35490605427974947,0.5276532137518685
0.29078051887497647,183.0,310.0,169.0,7.0,0.3711967545638945,0.9631578947368421,0.7369207772795217,0.03684210526315789,0.35281837160751567,0.5261584454409567
0.2881376678222871,183.0,311.0,168.0,7.0,0.37044534412955465,0.9631578947368421,0.7384155455904334,0.03684210526315789,0.35073068893528186,0.5246636771300448
0.28782946047162716,183.0,312.0,167.0,7.0,0.3696969696969697,0.9631578947368421,0.7399103139013453,0.03684210526315789,0.348643006263048,0.523168908819133
0.2865358143538979,183.0,313.0,166.0,7.0,0.3689516129032258,0.9631578947368421,0.7414050822122571,0.03684210526315789,0.3465553235908142,0.5216741405082213
0.28651633257330017,183.0,314.0,165.0,7.0,0.3682092555331992,0.9631578947368421,0.7428998505231689,0.03684210526315789,0.3444676409185804,0.5201793721973094
0.28515538377275007,183.0,315.0,164.0,7.0,0.3674698795180723,0.9631578947368421,0.7443946188340808,0.03684210526315789,0.34237995824634654,0.5186846038863976
0.28194808287855144,183.0,316.0,163.0,7.0,0.3667334669338677,0.9631578947368421,0.7458893871449925,0.03684210526315789,0.34029227557411273,0.5171898355754858
0.28075930668542276,184.0,316.0,163.0,6.0,0.368,0.968421052631579,0.7473841554559043,0.031578947368421054,0.34029227557411273,0.5186846038863976
0.27977388365797573,184.0,317.0,162.0,6.0,0.36726546906187624,0.968421052631579,0.7488789237668162,0.031578947368421054,0.33820459290187893,0.5171898355754858
0.279280264957693,184.0,318.0,161.0,6.0,0.3665338645418327,0.968421052631579,0.750373692077728,0.031578947368421054,0.33611691022964507,0.515695067264574
0.2791899963518706,184.0,319.0,160.0,6.0,0.3658051689860835,0.968421052631579,0.7518684603886397,0.031578947368421054,0.33402922755741127,0.5142002989536621
0.2791319212320042,184.0,320.0,159.0,6.0,0.36507936507936506,0.968421052631579,0.7533632286995515,0.031578947368421054,0.33194154488517746,0.5127055306427504
0.2791263765001435,184.0,321.0,158.0,6.0,0.36435643564356435,0.968421052631579,0.7548579970104634,0.031578947368421054,0.3298538622129436,0.5112107623318386
0.27769760993943016,184.0,322.0,157.0,6.0,0.36363636363636365,0.968421052631579,0.7563527653213752,0.031578947368421054,0.3277661795407098,0.5097159940209267
0.27710277481274237,184.0,323.0,156.0,6.0,0.3629191321499014,0.968421052631579,0.757847533632287,0.031578947368421054,0.325678496868476,0.5082212257100149
0.2769091578404292,184.0,324.0,155.0,6.0,0.36220472440944884,0.968421052631579,0.7593423019431988,0.031578947368421054,0.3235908141962422,0.5067264573991032
0.2762028825689409,184.0,325.0,154.0,6.0,0.3614931237721022,0.968421052631579,0.7608370702541106,0.031578947368421054,0.32150313152400833,0.5052316890881914
0.2755516354269803,184.0,326.0,153.0,6.0,0.3607843137254902,0.968421052631579,0.7623318385650224,0.031578947368421054,0.31941544885177453,0.5037369207772795
0.27521336409134656,184.0,327.0,152.0,6.0,0.36007827788649704,0.968421052631579,0.7638266068759342,0.031578947368421054,0.3173277661795407,0.5022421524663677
0.27462748513814755,184.0,328.0,151.0,6.0,0.359375,0.968421052631579,0.7653213751868461,0.031578947368421054,0.31524008350730687,0.5007473841554559
0.2742869676777663,184.0,329.0,150.0,6.0,0.3586744639376218,0.968421052631579,0.7668161434977578,0.031578947368421054,0.31315240083507306,0.4992526158445441
0.2740451122541619,184.0,330.0,149.0,6.0,0.35797665369649806,0.968421052631579,0.7683109118086696,0.031578947368421054,0.31106471816283926,0.4977578475336323
0.2731392639669842,184.0,331.0,148.0,6.0,0.3572815533980582,0.968421052631579,0.7698056801195815,0.031578947368421054,0.3089770354906054,0.4962630792227205
0.2729499148818565,184.0,332.0,147.0,6.0,0.35658914728682173,0.968421052631579,0.7713004484304933,0.031578947368421054,0.3068893528183716,0.4947683109118087
0.2726109960099391,184.0,333.0,146.0,6.0,0.35589941972920697,0.968421052631579,0.772795216741405,0.031578947368421054,0.3048016701461378,0.49327354260089684
0.2719843284448458,184.0,334.0,145.0,6.0,0.3552123552123552,0.968421052631579,0.7742899850523169,0.031578947368421054,0.302713987473904,0.49177877428998507
0.27144687859178435,184.0,335.0,144.0,6.0,0.35452793834296725,0.968421052631579,0.7757847533632287,0.031578947368421054,0.30062630480167013,0.49028400597907323
0.2704980105302295,184.0,336.0,143.0,6.0,0.35384615384615387,0.968421052631579,0.7772795216741405,0.031578947368421054,0.2985386221294363,0.48878923766816146
0.26638374397581605,184.0,337.0,142.0,6.0,0.3531669865642994,0.968421052631579,0.7787742899850523,0.031578947368421054,0.2964509394572025,0.4872944693572496
0.26469774819155845,184.0,338.0,141.0,6.0,0.3524904214559387,0.968421052631579,0.7802690582959642,0.031578947368421054,0.29436325678496866,0.4857997010463378
0.2632061398606601,184.0,339.0,140.0,6.0,0.35181644359464626,0.968421052631579,0.7817638266068759,0.031578947368421054,0.29227557411273486,0.484304932735426
0.2623657740516987,184.0,340.0,139.0,6.0,0.3511450381679389,0.968421052631579,0.7832585949177877,0.031578947368421054,0.29018789144050106,0.4828101644245142
0.26032507269469307,184.0,341.0,138.0,6.0,0.3504761904761905,0.968421052631579,0.7847533632286996,0.031578947368421054,0.2881002087682672,0.4813153961136024
0.260153419251928,184.0,342.0,137.0,6.0,0.34980988593155893,0.968421052631579,0.7862481315396114,0.031578947368421054,0.2860125260960334,0.4798206278026906
0.2552214305561168,184.0,343.0,136.0,6.0,0.349146110056926,0.968421052631579,0.7877428998505231,0.031578947368421054,0.2839248434237996,0.47832585949177875
0.25427356802225376,184.0,344.0,135.0,6.0,0.3484848484848485,0.968421052631579,0.7892376681614349,0.031578947368421054,0.2818371607515658,0.476831091180867
0.2530681223180364,184.0,345.0,134.0,6.0,0.34782608695652173,0.968421052631579,0.7907324364723468,0.031578947368421054,0.2797494780793319,0.47533632286995514
0.25225925799274335,184.0,346.0,133.0,6.0,0.3471698113207547,0.968421052631579,0.7922272047832586,0.031578947368421054,0.2776617954070981,0.47384155455904337
0.25029766623373234,185.0,346.0,133.0,5.0,0.3483992467043315,0.9736842105263158,0.7937219730941704,0.02631578947368421,0.2776617954070981,0.47533632286995514
0.24911589044894045,185.0,347.0,132.0,5.0,0.34774436090225563,0.9736842105263158,0.7952167414050823,0.02631578947368421,0.2755741127348643,0.47384155455904337
0.24904443653347164,185.0,348.0,131.0,5.0,0.34709193245778613,0.9736842105263158,0.796711509715994,0.02631578947368421,0.27348643006263046,0.47234678624813153
0.24759316909249757,185.0,350.0,129.0,5.0,0.34579439252336447,0.9736842105263158,0.7997010463378177,0.02631578947368421,0.26931106471816285,0.4693572496263079
0.24669998659223655,185.0,351.0,128.0,5.0,0.3451492537313433,0.9736842105263158,0.8011958146487295,0.02631578947368421,0.267223382045929,0.4678624813153961
0.2422701480287037,185.0,352.0,127.0,5.0,0.34450651769087526,0.9736842105263158,0.8026905829596412,0.02631578947368421,0.2651356993736952,0.4663677130044843
0.24148786059947858,185.0,353.0,126.0,5.0,0.34386617100371747,0.9736842105263158,0.804185351270553,0.02631578947368421,0.2630480167014614,0.4648729446935725
0.23611826160978489,185.0,354.0,125.0,5.0,0.3432282003710575,0.9736842105263158,0.8056801195814649,0.02631578947368421,0.2609603340292276,0.4633781763826607
0.23481470491873185,185.0,355.0,124.0,5.0,0.3425925925925926,0.9736842105263158,0.8071748878923767,0.02631578947368421,0.2588726513569937,0.4618834080717489
0.23345521050861998,185.0,356.0,123.0,5.0,0.3419593345656192,0.9736842105263158,0.8086696562032885,0.02631578947368421,0.2567849686847599,0.46038863976083705
0.23307449481108306,185.0,357.0,122.0,5.0,0.3413284132841328,0.9736842105263158,0.8101644245142003,0.02631578947368421,0.2546972860125261,0.4588938714499253
0.23158849246816932,185.0,358.0,121.0,5.0,0.3406998158379374,0.9736842105263158,0.8116591928251121,0.02631578947368421,0.25260960334029225,0.45739910313901344
0.23109412705415572,186.0,358.0,121.0,4.0,0.34191176470588236,0.9789473684210527,0.8131539611360239,0.021052631578947368,0.25260960334029225,0.4588938714499253
0.23070580692301906,186.0,359.0,120.0,4.0,0.3412844036697248,0.9789473684210527,0.8146487294469357,0.021052631578947368,0.25052192066805845,0.45739910313901344
0.22815835846022153,186.0,360.0,119.0,4.0,0.34065934065934067,0.9789473684210527,0.8161434977578476,0.021052631578947368,0.24843423799582465,0.45590433482810166
0.22627852346310756,186.0,361.0,118.0,4.0,0.340036563071298,0.9789473684210527,0.8176382660687593,0.021052631578947368,0.24634655532359082,0.45440956651718983
0.22030134097268173,186.0,362.0,117.0,4.0,0.33941605839416056,0.9789473684210527,0.8191330343796711,0.021052631578947368,0.24425887265135698,0.452914798206278
0.2147273266372387,186.0,363.0,116.0,4.0,0.33879781420765026,0.9789473684210527,0.820627802690583,0.021052631578947368,0.24217118997912318,0.4514200298953662
0.2145932228593484,186.0,365.0,114.0,4.0,0.33756805807622503,0.9789473684210527,0.8236173393124065,0.021052631578947368,0.23799582463465555,0.4484304932735426
0.21151961735863772,186.0,366.0,113.0,4.0,0.33695652173913043,0.9789473684210527,0.8251121076233184,0.021052631578947368,0.2359081419624217,0.4469357249626308
0.21044474513110564,186.0,367.0,112.0,4.0,0.33634719710669075,0.9789473684210527,0.8266068759342302,0.021052631578947368,0.23382045929018788,0.445440956651719
0.2064574041599086,186.0,369.0,110.0,4.0,0.33513513513513515,0.9789473684210527,0.8295964125560538,0.021052631578947368,0.22964509394572025,0.44245142002989535
0.20239123815336607,186.0,370.0,109.0,4.0,0.3345323741007194,0.9789473684210527,0.8310911808669657,0.021052631578947368,0.22755741127348644,0.44095665171898357
0.20236107626362856,186.0,371.0,108.0,4.0,0.3339317773788151,0.9789473684210527,0.8325859491778774,0.021052631578947368,0.2254697286012526,0.43946188340807174
0.20202334669726543,186.0,372.0,107.0,4.0,0.3333333333333333,0.9789473684210527,0.8340807174887892,0.021052631578947368,0.22338204592901878,0.43796711509715996
0.2002024604729011,186.0,373.0,106.0,4.0,0.33273703041144903,0.9789473684210527,0.8355754857997011,0.021052631578947368,0.22129436325678498,0.43647234678624813
0.19875864528582113,186.0,374.0,105.0,4.0,0.33214285714285713,0.9789473684210527,0.8370702541106129,0.021052631578947368,0.21920668058455114,0.4349775784753363
0.1968276185627737,186.0,375.0,104.0,4.0,0.3315508021390374,0.9789473684210527,0.8385650224215246,0.021052631578947368,0.21711899791231734,0.4334828101644245
0.19508181918631615,186.0,376.0,103.0,4.0,0.3309608540925267,0.9789473684210527,0.8400597907324364,0.021052631578947368,0.2150313152400835,0.4319880418535127
0.1927408085223969,186.0,377.0,102.0,4.0,0.33037300177619894,0.9789473684210527,0.8415545590433483,0.021052631578947368,0.21294363256784968,0.4304932735426009
0.19251226117452777,186.0,378.0,101.0,4.0,0.32978723404255317,0.9789473684210527,0.8430493273542601,0.021052631578947368,0.21085594989561587,0.4289985052316891
0.19113828334631838,186.0,379.0,100.0,4.0,0.3292035398230089,0.9789473684210527,0.8445440956651719,0.021052631578947368,0.20876826722338204,0.42750373692077726
0.19111119709331933,186.0,380.0,99.0,4.0,0.3286219081272085,0.9789473684210527,0.8460388639760837,0.021052631578947368,0.20668058455114824,0.4260089686098655
0.1896197895696096,186.0,381.0,98.0,4.0,0.328042328042328,0.9789473684210527,0.8475336322869955,0.021052631578947368,0.2045929018789144,0.42451420029895365
0.18795262557161707,186.0,382.0,97.0,4.0,0.3274647887323944,0.9789473684210527,0.8490284005979073,0.021052631578947368,0.20250521920668058,0.42301943198804187
0.18476078282735603,186.0,383.0,96.0,4.0,0.3268892794376098,0.9789473684210527,0.8505231689088192,0.021052631578947368,0.20041753653444677,0.42152466367713004
0.18381296453042537,186.0,384.0,95.0,4.0,0.3263157894736842,0.9789473684210527,0.852017937219731,0.021052631578947368,0.19832985386221294,0.4200298953662182
0.18199007015694682,186.0,385.0,94.0,4.0,0.3257443082311734,0.9789473684210527,0.8535127055306427,0.021052631578947368,0.19624217118997914,0.41853512705530643
0.1793465876399295,186.0,386.0,93.0,4.0,0.32517482517482516,0.9789473684210527,0.8550074738415545,0.021052631578947368,0.1941544885177453,0.4170403587443946
0.1771266436012919,186.0,387.0,92.0,4.0,0.32460732984293195,0.9789473684210527,0.8565022421524664,0.021052631578947368,0.19206680584551147,0.4155455904334828
0.17522856850564514,186.0,388.0,91.0,4.0,0.3240418118466899,0.9789473684210527,0.8579970104633782,0.021052631578947368,0.18997912317327767,0.414050822122571
0.17199149425058505,186.0,389.0,90.0,4.0,0.3234782608695652,0.9789473684210527,0.85949177877429,0.021052631578947368,0.18789144050104384,0.4125560538116592
0.17125194555465417,186.0,390.0,89.0,4.0,0.3229166666666667,0.9789473684210527,0.8609865470852018,0.021052631578947368,0.18580375782881003,0.4110612855007474
0.1693067459448519,186.0,391.0,88.0,4.0,0.3223570190641248,0.9789473684210527,0.8624813153961136,0.021052631578947368,0.1837160751565762,0.40956651718983555
0.16855444810072237,186.0,392.0,87.0,4.0,0.3217993079584775,0.9789473684210527,0.8639760837070254,0.021052631578947368,0.18162839248434237,0.4080717488789238
0.16494004017924607,186.0,393.0,86.0,4.0,0.32124352331606215,0.9789473684210527,0.8654708520179372,0.021052631578947368,0.17954070981210857,0.40657698056801195
0.16409909987673582,186.0,394.0,85.0,4.0,0.32068965517241377,0.9789473684210527,0.866965620328849,0.021052631578947368,0.17745302713987474,0.40508221225710017
0.16335897331163332,186.0,395.0,84.0,4.0,0.32013769363166955,0.9789473684210527,0.8684603886397608,0.021052631578947368,0.17536534446764093,0.40358744394618834
0.16277551803850815,186.0,396.0,83.0,4.0,0.31958762886597936,0.9789473684210527,0.8699551569506726,0.021052631578947368,0.1732776617954071,0.4020926756352765
0.16203273746421187,186.0,397.0,82.0,4.0,0.3190394511149228,0.9789473684210527,0.8714499252615845,0.021052631578947368,0.17118997912317327,0.40059790732436473
0.16197078866289696,186.0,398.0,81.0,4.0,0.3184931506849315,0.9789473684210527,0.8729446935724963,0.021052631578947368,0.16910229645093947,0.3991031390134529
0.16148656419470817,186.0,399.0,80.0,4.0,0.31794871794871793,0.9789473684210527,0.874439461883408,0.021052631578947368,0.16701461377870563,0.3976083707025411
0.16122446029698173,186.0,400.0,79.0,4.0,0.3174061433447099,0.9789473684210527,0.8759342301943199,0.021052631578947368,0.1649269311064718,0.3961136023916293
0.16099982153538472,186.0,401.0,78.0,4.0,0.31686541737649065,0.9789473684210527,0.8774289985052317,0.021052631578947368,0.162839248434238,0.39461883408071746
0.15956221066576487,186.0,402.0,77.0,4.0,0.3163265306122449,0.9789473684210527,0.8789237668161435,0.021052631578947368,0.16075156576200417,0.3931240657698057
0.15910525941864667,186.0,403.0,76.0,4.0,0.3157894736842105,0.9789473684210527,0.8804185351270553,0.021052631578947368,0.15866388308977036,0.39162929745889385
0.15773733189508887,186.0,404.0,75.0,4.0,0.3152542372881356,0.9789473684210527,0.8819133034379671,0.021052631578947368,0.15657620041753653,0.3901345291479821
0.15745263602614054,186.0,405.0,74.0,4.0,0.3147208121827411,0.9789473684210527,0.8834080717488789,0.021052631578947368,0.1544885177453027,0.38863976083707025
0.15662805611418912,186.0,406.0,73.0,4.0,0.3141891891891892,0.9789473684210527,0.8849028400597907,0.021052631578947368,0.1524008350730689,0.38714499252615847
0.15615827138058058,186.0,407.0,72.0,4.0,0.3136593591905565,0.9789473684210527,0.8863976083707026,0.021052631578947368,0.15031315240083507,0.38565022421524664
0.15569288213701757,187.0,407.0,72.0,3.0,0.3148148148148148,0.9842105263157894,0.8878923766816144,0.015789473684210527,0.15031315240083507,0.38714499252615847
0.15511225369260156,188.0,407.0,72.0,2.0,0.31596638655462184,0.9894736842105263,0.8893871449925261,0.010526315789473684,0.15031315240083507,0.38863976083707025
0.15505647548334256,188.0,408.0,71.0,2.0,0.31543624161073824,0.9894736842105263,0.890881913303438,0.010526315789473684,0.14822546972860126,0.38714499252615847
0.15459406437571185,188.0,409.0,70.0,2.0,0.3149078726968174,0.9894736842105263,0.8923766816143498,0.010526315789473684,0.14613778705636743,0.38565022421524664
0.15414270244346223,188.0,410.0,69.0,2.0,0.31438127090301005,0.9894736842105263,0.8938714499252616,0.010526315789473684,0.1440501043841336,0.3841554559043348
0.15292736700785164,189.0,410.0,69.0,1.0,0.31552587646076796,0.9947368421052631,0.8953662182361734,0.005263157894736842,0.1440501043841336,0.38565022421524664
0.15178653893282207,189.0,411.0,68.0,1.0,0.315,0.9947368421052631,0.8968609865470852,0.005263157894736842,0.1419624217118998,0.3841554559043348
0.1512333596670887,189.0,412.0,67.0,1.0,0.3144758735440932,0.9947368421052631,0.898355754857997,0.005263157894736842,0.13987473903966596,0.38266068759342303
0.14998939012473028,189.0,413.0,66.0,1.0,0.313953488372093,0.9947368421052631,0.8998505231689088,0.005263157894736842,0.13778705636743216,0.3811659192825112
0.14830067998268257,189.0,414.0,65.0,1.0,0.31343283582089554,0.9947368421052631,0.9013452914798207,0.005263157894736842,0.13569937369519833,0.3796711509715994
0.1457795885242704,189.0,416.0,63.0,1.0,0.31239669421487604,0.9947368421052631,0.9043348281016442,0.005263157894736842,0.1315240083507307,0.37668161434977576
0.14457167793696865,189.0,417.0,62.0,1.0,0.3118811881188119,0.9947368421052631,0.905829596412556,0.005263157894736842,0.12943632567849686,0.375186846038864
0.14314176746079235,189.0,419.0,60.0,1.0,0.31085526315789475,0.9947368421052631,0.9088191330343797,0.005263157894736842,0.12526096033402923,0.3721973094170404
0.14231274076742745,189.0,420.0,59.0,1.0,0.3103448275862069,0.9947368421052631,0.9103139013452914,0.005263157894736842,0.12317327766179541,0.37070254110612855
0.1413386174057845,189.0,421.0,58.0,1.0,0.30983606557377047,0.9947368421052631,0.9118086696562033,0.005263157894736842,0.12108559498956159,0.3692077727952167
0.1388361646218525,189.0,422.0,57.0,1.0,0.309328968903437,0.9947368421052631,0.9133034379671151,0.005263157894736842,0.11899791231732777,0.36771300448430494
0.13358088897638845,189.0,423.0,56.0,1.0,0.3088235294117647,0.9947368421052631,0.9147982062780269,0.005263157894736842,0.11691022964509394,0.3662182361733931
0.13172263070414209,189.0,424.0,55.0,1.0,0.3083197389885807,0.9947368421052631,0.9162929745889388,0.005263157894736842,0.11482254697286012,0.36472346786248133
0.13077594184017485,189.0,425.0,54.0,1.0,0.30781758957654726,0.9947368421052631,0.9177877428998505,0.005263157894736842,0.1127348643006263,0.3632286995515695
0.12190669150469051,189.0,426.0,53.0,1.0,0.3073170731707317,0.9947368421052631,0.9192825112107623,0.005263157894736842,0.11064718162839249,0.3617339312406577
0.12077790315210057,189.0,427.0,52.0,1.0,0.3068181818181818,0.9947368421052631,0.9207772795216741,0.005263157894736842,0.10855949895615867,0.3602391629297459
0.11483546056102147,189.0,428.0,51.0,1.0,0.3063209076175041,0.9947368421052631,0.922272047832586,0.005263157894736842,0.10647181628392484,0.35874439461883406
0.11161340657274822,189.0,429.0,50.0,1.0,0.3058252427184466,0.9947368421052631,0.9237668161434978,0.005263157894736842,0.10438413361169102,0.3572496263079223
0.1099225258036533,189.0,430.0,49.0,1.0,0.3053311793214863,0.9947368421052631,0.9252615844544095,0.005263157894736842,0.1022964509394572,0.35575485799701045
0.10265519321677563,189.0,431.0,48.0,1.0,0.30483870967741933,0.9947368421052631,0.9267563527653214,0.005263157894736842,0.10020876826722339,0.3542600896860987
0.10035734040427652,189.0,432.0,47.0,1.0,0.30434782608695654,0.9947368421052631,0.9282511210762332,0.005263157894736842,0.09812108559498957,0.35276532137518685
0.09968321592668929,189.0,433.0,46.0,1.0,0.30385852090032156,0.9947368421052631,0.929745889387145,0.005263157894736842,0.09603340292275574,0.351270553064275
0.09957815846965674,189.0,434.0,45.0,1.0,0.30337078651685395,0.9947368421052631,0.9312406576980568,0.005263157894736842,0.09394572025052192,0.34977578475336324
0.0995005890427466,189.0,435.0,44.0,1.0,0.30288461538461536,0.9947368421052631,0.9327354260089686,0.005263157894736842,0.0918580375782881,0.3482810164424514
0.09931555959580982,189.0,436.0,43.0,1.0,0.3024,0.9947368421052631,0.9342301943198804,0.005263157894736842,0.08977035490605428,0.34678624813153963
0.09553470852849509,189.0,437.0,42.0,1.0,0.3019169329073482,0.9947368421052631,0.9357249626307922,0.005263157894736842,0.08768267223382047,0.3452914798206278
0.09170535327788094,189.0,438.0,41.0,1.0,0.3014354066985646,0.9947368421052631,0.9372197309417041,0.005263157894736842,0.08559498956158663,0.34379671150971597
0.08797675827318945,189.0,439.0,40.0,1.0,0.30095541401273884,0.9947368421052631,0.9387144992526159,0.005263157894736842,0.08350730688935282,0.3423019431988042
0.05847559138249222,189.0,440.0,39.0,1.0,0.3004769475357711,0.9947368421052631,0.9402092675635276,0.005263157894736842,0.081419624217119,0.34080717488789236
0.05721193282589439,189.0,441.0,38.0,1.0,0.3,0.9947368421052631,0.9417040358744395,0.005263157894736842,0.07933194154488518,0.3393124065769806
0.05398285678410267,189.0,442.0,37.0,1.0,0.29952456418383516,0.9947368421052631,0.9431988041853513,0.005263157894736842,0.07724425887265135,0.33781763826606875
0.05288273335785366,189.0,443.0,36.0,1.0,0.2990506329113924,0.9947368421052631,0.9446935724962631,0.005263157894736842,0.07515657620041753,0.336322869955157
0.049667237082823154,189.0,444.0,35.0,1.0,0.2985781990521327,0.9947368421052631,0.9461883408071748,0.005263157894736842,0.07306889352818371,0.33482810164424515
0.048930350922626625,189.0,445.0,34.0,1.0,0.2981072555205047,0.9947368421052631,0.9476831091180867,0.005263157894736842,0.0709812108559499,0.3333333333333333
0.04839235305778719,189.0,446.0,33.0,1.0,0.29763779527559053,0.9947368421052631,0.9491778774289985,0.005263157894736842,0.06889352818371608,0.33183856502242154
0.046123289147556285,189.0,447.0,32.0,1.0,0.2971698113207547,0.9947368421052631,0.9506726457399103,0.005263157894736842,0.06680584551148225,0.3303437967115097
0.045628636484707566,189.0,448.0,31.0,1.0,0.2967032967032967,0.9947368421052631,0.9521674140508222,0.005263157894736842,0.06471816283924843,0.32884902840059793
0.04543290119928514,189.0,449.0,30.0,1.0,0.2962382445141066,0.9947368421052631,0.953662182361734,0.005263157894736842,0.06263048016701461,0.3273542600896861
0.04542091166415885,189.0,450.0,29.0,1.0,0.29577464788732394,0.9947368421052631,0.9551569506726457,0.005263157894736842,0.060542797494780795,0.32585949177877427
0.045357733823397216,189.0,451.0,28.0,1.0,0.2953125,0.9947368421052631,0.9566517189835575,0.005263157894736842,0.05845511482254697,0.3243647234678625
0.044880929817292047,189.0,452.0,27.0,1.0,0.2948517940717629,0.9947368421052631,0.9581464872944694,0.005263157894736842,0.05636743215031315,0.32286995515695066
0.04472359813851366,189.0,453.0,26.0,1.0,0.29439252336448596,0.9947368421052631,0.9596412556053812,0.005263157894736842,0.054279749478079335,0.3213751868460389
0.044529386679359115,189.0,454.0,25.0,1.0,0.2939346811819596,0.9947368421052631,0.9611360239162929,0.005263157894736842,0.05219206680584551,0.31988041853512705
0.0441894384927864,189.0,455.0,24.0,1.0,0.29347826086956524,0.9947368421052631,0.9626307922272048,0.005263157894736842,0.05010438413361169,0.3183856502242152
0.04413503133858998,189.0,456.0,23.0,1.0,0.2930232558139535,0.9947368421052631,0.9641255605381166,0.005263157894736842,0.04801670146137787,0.31689088191330345
0.04363669394018812,189.0,457.0,22.0,1.0,0.29256965944272445,0.9947368421052631,0.9656203288490284,0.005263157894736842,0.04592901878914405,0.3153961136023916
0.04319580002601705,189.0,458.0,21.0,1.0,0.2921174652241113,0.9947368421052631,0.9671150971599403,0.005263157894736842,0.04384133611691023,0.31390134529147984
0.042737450932465,189.0,459.0,20.0,1.0,0.2916666666666667,0.9947368421052631,0.968609865470852,0.005263157894736842,0.04175365344467641,0.312406576980568
0.04264879815619814,189.0,460.0,19.0,1.0,0.29121725731895226,0.9947368421052631,0.9701046337817638,0.005263157894736842,0.03966597077244259,0.3109118086696562
0.0425461877803683,189.0,461.0,18.0,1.0,0.2907692307692308,0.9947368421052631,0.9715994020926756,0.005263157894736842,0.037578288100208766,0.3094170403587444
0.04253106179353318,189.0,463.0,16.0,1.0,0.2898773006134969,0.9947368421052631,0.9745889387144993,0.005263157894736842,0.033402922755741124,0.3064275037369208
0.04245666461246131,189.0,464.0,15.0,1.0,0.2894333843797856,0.9947368421052631,0.976083707025411,0.005263157894736842,0.031315240083507306,0.30493273542600896
0.042089967498924574,189.0,465.0,14.0,1.0,0.2889908256880734,0.9947368421052631,0.9775784753363229,0.005263157894736842,0.029227557411273485,0.3034379671150972
0.04208197353551016,189.0,466.0,13.0,1.0,0.2885496183206107,0.9947368421052631,0.9790732436472347,0.005263157894736842,0.027139874739039668,0.30194319880418535
0.04183007272861819,189.0,467.0,12.0,1.0,0.28810975609756095,0.9947368421052631,0.9805680119581465,0.005263157894736842,0.025052192066805846,0.3004484304932735
0.04174382054567849,189.0,468.0,11.0,1.0,0.2876712328767123,0.9947368421052631,0.9820627802690582,0.005263157894736842,0.022964509394572025,0.29895366218236175
0.041164103245103015,189.0,469.0,10.0,1.0,0.2872340425531915,0.9947368421052631,0.9835575485799701,0.005263157894736842,0.020876826722338204,0.2974588938714499
0.04076158899694368,189.0,470.0,9.0,1.0,0.2867981790591806,0.9947368421052631,0.9850523168908819,0.005263157894736842,0.018789144050104383,0.29596412556053814
0.040466227181024765,189.0,471.0,8.0,1.0,0.2863636363636364,0.9947368421052631,0.9865470852017937,0.005263157894736842,0.016701461377870562,0.2944693572496263
0.04028481206486642,189.0,472.0,7.0,1.0,0.2859304084720121,0.9947368421052631,0.9880418535127056,0.005263157894736842,0.014613778705636743,0.2929745889387145
0.03950374892563491,189.0,473.0,6.0,1.0,0.2854984894259819,0.9947368421052631,0.9895366218236173,0.005263157894736842,0.012526096033402923,0.2914798206278027
0.03845148653324293,189.0,474.0,5.0,1.0,0.2850678733031674,0.9947368421052631,0.9910313901345291,0.005263157894736842,0.010438413361169102,0.28998505231689087
0.03840429164532266,189.0,475.0,4.0,1.0,0.28463855421686746,0.9947368421052631,0.992526158445441,0.005263157894736842,0.008350730688935281,0.2884902840059791
0.02834078513520049,189.0,476.0,3.0,1.0,0.28421052631578947,0.9947368421052631,0.9940209267563528,0.005263157894736842,0.006263048016701462,0.28699551569506726
0.019097579187796053,190.0,476.0,3.0,0.0,0.2852852852852853,1.0,0.9955156950672646,0.0,0.006263048016701462,0.2884902840059791
0.00010419882480339108,190.0,478.0,1.0,0.0,0.2844311377245509,1.0,0.9985052316890882,0.0,0.0020876826722338203,0.28550074738415543
6.798854074718451e-05,190.0,479.0,0.0,0.0,0.28400597907324365,1.0,1.0,0.0,0.0,0.28400597907324365
0.0,190.0,479.0,0.0,0.0,0.28400597907324365,1.0,1.0,0.0,0.0,0.28400597907324365
